BalticAutumn.1	Baltic_autumn_Atlantic_Herring	IF
AYW11942.1	Megalops_atlanticus	IF
AYW12019.1	Nessorhamphus_danae	IF
AWT62480.1	Pantodon_buchholzi	IF
AWT62478.1	Osteoglossum_bicirrhosum	IF
AWT62482.1	Petrocephalus_soudanensis	IF
AGS17238.1	Yarrella_blackfordi	IF
ADC35607.1	Boraras_merah	IF
ACV41914.1	Barbatula_barbatula	IF
AEJ07820.1	Pungtungia_herzi	IF
AEJ07818.1	Ladislavia_taczanowskii	IF
AYW12034.1	Astyanax_mexicanus	IF
AYW12035.1	Ctenolucius_hujeta	IF
APD29498.1	Serrivomer_beanii	IF
AAD30519.1	Latimeria_chalumnae	IF
AYW12033.1	Ischikauia_steenackeri	IF
APD29513.1	Barilius_sp._JM-2016	IF
APD29514.1	Carassius_auratus	IF
APD29512.1	Misgurnus_anguillicaudatus	IF
AFS63882.1	Orectolobus_ornatus	IF
AEW44026.1	Notacanthus_bonaparte	IF
AYW11948.1	Notacanthus_abbotti	IF
AFK84133.1	Sagamichthys_abei	IF
AGT59703.1	Eustomias_polyaster	IF
NP_571287.1	Danio_rerio	IF
AYW12036.1	Hiodon_alosoides	IF
AYW11952.1	Synaphobranchus_kaupii	IF
AYW11955.1	Nemichthys_scolopaceus	IF
AYW11951.1	Synaphobranchus_affinis	IF
AYW11949.1	Protanguilla_palau	IF
AYW11980.1	Venefica_tentaculata	IF
AYW11979.1	Nettastoma_solitarium	IF
AYW11964.1	Bathycongrus_retrotinctus	IF
AYW11965.1	Bathyuroconger_parvibranchia	IF
AYW11957.1	Kaupichthys_sp._WJC-2018	IF
AYW11958.1	Chlopsis_slusserorum	IF
AYW11967.1	Conger_japonicus	IF
AYW11970.1	Macrocephenchelys_brachialis	IF
AYW11971.1	Macrocephenchelys_soela	IF
AYW11959.1	Coloconger_scholesi	IF
AYW11956.1	Serrivomer_lanceolatoides	IF
AYW11972.1	Parabathymyrus_macrophthalmu	IF
AYW11977.1	Oxyconger_leptognathus	IF
AYW11973.1	Rhynchoconger_ectenurus	IF
AYW11953.1	Moringua_macrocephalus	IF
AYW11954.1	Moringua_microchir	IF
AYW11963.1	Ariosoma_major	IF
AYW11984.1	Neenchelys_sp._WJC-2018	IF
AYW11985.1	Schultzidia_johnstonensis	IF
AYW11986.1	Myrophis_microchir	IF
AYW11968.1	Gnathophis_heterognathos	IF
AYW11969.1	Gnathophis_sp._WJC-2018	IF
AYW11976.1	Muraenesox_cinereus	IF
AYW11983.1	Ophichthus_machidai	IF
AYW11987.1	Yirrkala_sp._WJC-2018	IF
AYW11981.1	Apterichtus_klazingai	IF
AYW11982.1	Brachysomophis_henshawi	IF
AKU74674.1	Anchoa_sp._NRL-2015	IF
AKU74700.1	Anchoa_sp._NRL-2015	IF
AKU74701.1	Anchoa_walkeri	IF
AKU74697.1	Anchovia_clupeoides	IF
AKU74677.1	Anchoviella_balboae	IF
AKU74676.1	Anchovia_clupeoides	IF
AKU74699.1	Anchoviella_elongata	IF
AKU74694.1	Anchoviella_balboae	IF
AKU74665.1	Anchoa_spinifer	IF
AKU74675.1	Anchoa_walkeri	IF
AKU74678.1	Anchoviella_elongata	IF
APD29508.1	Anchoa_cayorum	IF
AKU74679.1	Cetengraulis_edentulus	IF
AKU74702.1	Cetengraulis_edentulus	IF
AKU74680.1	Cetengraulis_mysticetus	IF
AKU74671.1	Anchoa_delicatissima	IF
AKU74698.1	Anchoa_colonensis	IF
AKU74684.1	Anchoa_cubana	IF
AKU74670.1	Anchoa_colonensis	IF
AKU74669.1	Anchoa_cayorum	IF
AKU74696.1	Anchoa_cayorum	IF
AKU74656.1	Jurengraulis_juruensis	IF
AKU74692.1	Jurengraulis_juruensis	IF
AKU74668.1	Anchoviella_brevirostris	IF
AKU74695.1	Anchoviella_brevirostris	IF
AKU74653.1	Anchoviella_sp._NRL-2015	IF
AKU74687.1	Anchoviella_sp._NRL-2015	IF
APD29507.1	Anchoviella_sp._JM-2016	IF
AKU74661.1	Lycengraulis_batesii	IF
AKU74664.1	Lycengraulis_poeyi	IF
AKU74667.1	Lycengraulis_grossidens	IF
AKU74704.1	Lycengraulis_grossidens	IF
AKU74693.1	Lycengraulis_batesii	IF
AKU74654.1	Pterengraulis_atherinoides	IF
AKU74666.1	Anchoviella_lepidentostole	IF
AKU74662.1	Anchoviella_sp._2_NRL-2015	IF
AKU74655.1	Anchoviella_carrikeri	IF
AKU74659.1	Anchoviella_alleni	IF
AKU74689.1	Anchoviella_alleni	IF
AKU74660.1	Anchoviella_cf._guianensis_N	IF
AKU74663.1	Anchoviella_guianensis	IF
AKU74688.1	Anchoviella_carrikeri	IF
AFK84137.1	Dorosoma_cepedianum	IF
AFK84138.1	Sardinella_aurita	IF
AEW67068.1	Anoplogaster_cornuta	IF
AEW67056.1	Vinciguerria_nimbaria	IF
AEW67055.1	Ichthyococcus_ovatus	IF
AEW44015.1	Bathophilus_vaillanti	IF
AHA33544.1	Sigmops_gracilis	IF
AEW44013.1	Astronesthes_macropogon	IF
AEW44018.1	Pollichthys_mauli	IF
AGT59692.1	Borostomias_panamensis	IF
AEW44012.1	Eustomias_acinosus	IF
AEW67053.1	Eustomias_acinosus	IF
AEW67063.1	Conocara_salmoneum	IF
ACI00485.1	Alepocephalus_antipodianus	IF
AFK84132.1	Alepocephalus_bicolor	IF
AEW67062.1	Benthosema_suborbitale	IF
AEW67072.1	Bathysaurus_mollis	IF
NP_001103501.1	Danio_rerio	IF
ADK38855.1	Danio_rerio	IF
AYW11946.1	Halosaurus_ridgwayi	IF
AEW44024.1	Halosauropsis_macrochir	IF
AEW44025.1	Histiobranchus_bathybius	IF
ABU84865.1	Callorhinchus_milii	IF
NP_001279181.1	Callorhinchus_milii	IF
AYW11998.1	Nemichthys_scolopaceus	IF
AFS63881.1	Orectolobus_maculatus	IF
AFK84131.1	Mormyrops_anguilloides	IF
AYW11944.1	Albula_koreana	IF
AFK84129.1	Elops_saurus	IF
AYW11941.1	Elops_saurus	IF
AYW12001.1	Eurypharynx_pelecanoides	IF
AYW11994.1	Monopenchelys_acuta	IF
AYW11995.1	Uropterygius_fasciolatus	IF
AYW11989.1	Meadia_abyssalis	IF
AYW12013.1	Gnathophis_heterognathos	IF
AYW12012.1	Conger_japonicus	IF
AYW12006.1	Congriscus_megastomus	IF
AYW12007.1	Congriscus_maldivensis	IF
AYW12002.1	Kaupichthys_sp._WJC-2018	IF
ADU76012.1	Parablennius_parvicornis	IF
ACI00518.1	Howella_brodiei	IF
AGT59698.1	Sternoptyx_pseudobscura	IF
AEW44011.1	Stomias_brevibarbatus	IF
AEW67051.1	Stomias_boa	IF
AEW67047.1	Gonostoma_elongatum	IF
AGT59701.1	Sigmops_bathyphilus	IF
AGT59716.1	Gonostoma_elongatum	IF
AGT59713.1	Triplophos_hemingi	IF
ACB45446.1	Idiacanthus_antrostomus	IF
AEW67054.1	Idiacanthus_fasciola	IF
AGT59715.1	Stomias_boa	IF
AGS17239.1	Stomias_atriventer	IF
AGT59714.1	Stomias_boa	IF
AGT59697.1	Heterophotus_ophistoma	IF
AGT59699.1	Melanostomias_bartonbeani	IF
AGT59705.1	Melanostomias_margaritifer	IF
AGT59696.1	Bathophilus_pawneei	IF
AGT59706.1	Rhadinesthes_decimus	IF
AGT59695.1	Flagellostomias_boureei	IF
AGT59693.1	Echiostoma_barbatum	IF
AGT59700.1	Photonectes_margarita	IF
AEW67071.1	Bathysaurus_ferox	IF
AEW67070.1	Alepocephalus_bairdii	IF
AHA33546.1	Ateleopus_japonicus	IF
AEW67069.1	Hoplostethus_mediterraneus	IF
AHA33553.1	Trachipterus_arcticus	IF
AAP58347.1	Oncorhynchus_nerka	IF
AAP58332.1	Oncorhynchus_keta	IF
AAP58342.1	Oncorhynchus_gorbuscha	IF
AAP58337.1	Oncorhynchus_kisutch	IF
AAP35089.1	Oncorhynchus_mykiss	IF
NP_001117791.1	Oncorhynchus_mykiss	IF
AAP58327.1	Oncorhynchus_tshawytscha	IF
BAN14815.1	Oncorhynchus_masou	IF
AHJ08690.1	Oncorhynchus_masou_formosanu	IF
AFK84136.1	Coilia_dussumieri	IF
APD29501.1	Osteoglossum_bicirrhosum	IF
AYW11945.1	Albula_glossodonta	IF
APD29497.1	Megalops_cyprinoides	IF
AYW11943.1	Megalops_cyprinoides	IF
AYW11966.1	Conger_conger	IF
AYW11975.1	Gavialiceps_taiwanensis	IF
AFK84140.1	Parakneria_cameronensis	IF
AEW44027.1	Eurypharynx_pelecanoides	IF
APD29503.1	Nemichthys_curvirostris	IF
AYW12014.1	Gnathophis_sp._WJC-2018	IF
AYW11996.1	Moringua_macrocephalus	IF
AYW11997.1	Moringua_microchir	IF
AYW12023.1	Oxyconger_leptognathus	IF
AYW12032.1	Yirrkala_sp._WJC-2018	IF
AYW12027.1	Brachysomophis_henshawi	IF
AYW12028.1	Ophichthus_machidai	IF
AYW12022.1	Muraenesox_cinereus	IF
AYW12029.1	Neenchelys_sp._WJC-2018	IF
AYW12030.1	Schultzidia_johnstonensis	IF
AYW12031.1	Myrophis_microchir	IF
ADZ48249.1	Gymnothorax_reticularis	IF
ADZ48247.1	Rhinomuraena_quaesita	IF
APD29504.1	Gymnothorax_tile	IF
ADZ48248.1	Gymnothorax_favagineus	IF
ADZ48250.1	Strophidon_sathete	IF
AYW12008.1	Ariosoma_major	IF
AYW12017.1	Parabathymyrus_macrophthalmu	IF
AYW12011.1	Conger_conger	IF
AYW11992.1	Gymnothorax_minor	IF
AYW11991.1	Gymnothorax_buroensis	IF
AYW11993.1	Gymnothorax_tile	IF
AYW11988.1	Protanguilla_palau	IF
AYW12020.1	Derichthys_serpentinus	IF
AYW12003.1	Chlopsis_slusserorum	IF
AYW12015.1	Macrocephenchelys_brachialis	IF
AYW12016.1	Macrocephenchelys_soela	IF
AYW12009.1	Bathycongrus_retrotinctus	IF
AYW12010.1	Bathyuroconger_parvibranchia	IF
AYW12025.1	Venefica_tentaculata	IF
AYW12018.1	Rhynchoconger_ectenurus	IF
AYW12021.1	Gavialiceps_taiwanensis	IF
AFN01690.1	Hoplostethus_atlanticus	IF
AFN01691.1	Hoplostethus_atlanticus	IF
AFN01692.1	Hoplostethus_atlanticus	IF
AFN01702.1	Hoplostethus_mediterraneus	IF
AFN01693.1	Peltorhamphus_latus	IF
AFN01694.1	Rhombosolea_plebeia	IF
AFN01695.1	Rhombosolea_plebeia	IF
AFN01696.1	Rhombosolea_plebeia	IF
AFN01697.1	Rhombosolea_leporina	IF
AFN01698.1	Rhombosolea_leporina	IF
AUM62140.1	Thalassoma_bifasciatum	IF
AFN01687.1	Arripis_trutta	IF
AFN01704.1	Notolabrus_celidotus	IF
AFN01705.1	Kathetostoma_giganteum	IF
AFN01688.1	Trachurus_murphyi	IF
AFN01689.1	Trachurus_murphyi	IF
AFN01682.1	Seriolella_brama	IF
AFN01684.1	Polyprion_oxygeneios	IF
AFN01683.1	Odax_pullus	IF
AFN01706.1	Nemadactylus_macropterus	IF
AEQ92946.1	Clinus_cottoides	IF
AEQ92927.1	Heterostichus_rostratus	IF
AEQ92928.1	Heterostichus_rostratus	IF
AEQ92944.1	Blennophis_anguillaris	IF
AEQ92945.1	Blennophis_anguillaris	IF
AEQ92936.1	Clinus_agilis	IF
AEQ92937.1	Clinus_agilis	IF
AEQ93109.1	Clinus_superciliosus	IF
AEQ93112.1	Clinus_superciliosus	IF
AEQ92991.1	Muraenoclinus_dorsalis	IF
AEQ92940.1	Clinus_acuminatus	IF
AEQ92941.1	Clinus_acuminatus	IF
AEQ92942.1	Cancelloxus_longior	IF
AEQ92943.1	Cancelloxus_longior	IF
AEQ92947.1	Muraenoclinus_dorsalis	IF
AEQ92948.1	Muraenoclinus_dorsalis	IF
AEQ92949.1	Muraenoclinus_dorsalis	IF
AEQ92950.1	Muraenoclinus_dorsalis	IF
AEQ92951.1	Muraenoclinus_dorsalis	IF
AEQ92952.1	Muraenoclinus_dorsalis	IF
AEQ92953.1	Muraenoclinus_dorsalis	IF
AEQ92954.1	Muraenoclinus_dorsalis	IF
AEQ92955.1	Muraenoclinus_dorsalis	IF
AEQ92956.1	Muraenoclinus_dorsalis	IF
AEQ92957.1	Muraenoclinus_dorsalis	IF
AEQ92958.1	Muraenoclinus_dorsalis	IF
AEQ92959.1	Muraenoclinus_dorsalis	IF
AEQ92960.1	Muraenoclinus_dorsalis	IF
AEQ92961.1	Muraenoclinus_dorsalis	IF
AEQ92962.1	Muraenoclinus_dorsalis	IF
AEQ92963.1	Muraenoclinus_dorsalis	IF
AEQ92964.1	Muraenoclinus_dorsalis	IF
AEQ92965.1	Muraenoclinus_dorsalis	IF
AEQ92966.1	Muraenoclinus_dorsalis	IF
AEQ92967.1	Muraenoclinus_dorsalis	IF
AEQ92968.1	Muraenoclinus_dorsalis	IF
AEQ92969.1	Muraenoclinus_dorsalis	IF
AEQ92970.1	Muraenoclinus_dorsalis	IF
AEQ92971.1	Muraenoclinus_dorsalis	IF
AEQ92972.1	Muraenoclinus_dorsalis	IF
AEQ92973.1	Muraenoclinus_dorsalis	IF
AEQ92974.1	Muraenoclinus_dorsalis	IF
AEQ92975.1	Muraenoclinus_dorsalis	IF
AEQ92976.1	Muraenoclinus_dorsalis	IF
AEQ92977.1	Muraenoclinus_dorsalis	IF
AEQ92978.1	Muraenoclinus_dorsalis	IF
AEQ92979.1	Muraenoclinus_dorsalis	IF
AEQ92980.1	Muraenoclinus_dorsalis	IF
AEQ92981.1	Muraenoclinus_dorsalis	IF
AEQ92982.1	Muraenoclinus_dorsalis	IF
AEQ92983.1	Muraenoclinus_dorsalis	IF
AEQ92984.1	Muraenoclinus_dorsalis	IF
AEQ92985.1	Muraenoclinus_dorsalis	IF
AEQ92986.1	Muraenoclinus_dorsalis	IF
AEQ92987.1	Muraenoclinus_dorsalis	IF
AEQ92988.1	Muraenoclinus_dorsalis	IF
AEQ92989.1	Muraenoclinus_dorsalis	IF
AEQ92990.1	Muraenoclinus_dorsalis	IF
AEQ92993.1	Muraenoclinus_dorsalis	IF
AEQ92994.1	Muraenoclinus_dorsalis	IF
AEQ92992.1	Muraenoclinus_dorsalis	IF
AEQ92938.1	Pavoclinus_pavo	IF
AEQ92939.1	Pavoclinus_pavo	IF
AEQ93046.1	Clinus_superciliosus	IF
AEQ93073.1	Clinus_superciliosus	IF
AEQ93074.1	Clinus_superciliosus	IF
AEQ93075.1	Clinus_superciliosus	IF
AEQ93076.1	Clinus_superciliosus	IF
AEQ93077.1	Clinus_superciliosus	IF
AEQ93078.1	Clinus_superciliosus	IF
AEQ93105.1	Clinus_superciliosus	IF
AEQ93106.1	Clinus_superciliosus	IF
AEQ92930.1	Alloclinus_holderi	IF
AEQ92935.1	Gibbonsia_elegans	IF
AEQ92929.1	Gibbonsia_elegans	IF
AEQ92931.1	Gibbonsia_elegans	IF
AEQ92932.1	Gibbonsia_montereyensis	IF
AEQ92934.1	Gibbonsia_montereyensis	IF
AEQ92933.1	Gibbonsia_elegans	IF
AEQ92924.1	Chaenopsis_alepidota	IF
AEQ93110.1	Clinus_superciliosus	IF
AEQ93102.1	Clinus_superciliosus	IF
AEQ93013.1	Clinus_superciliosus	IF
AEQ93016.1	Clinus_superciliosus	IF
AEQ93020.1	Clinus_superciliosus	IF
AEQ93023.1	Clinus_superciliosus	IF
AEQ93026.1	Clinus_superciliosus	IF
AEQ93032.1	Clinus_superciliosus	IF
AEQ93033.1	Clinus_superciliosus	IF
AEQ93034.1	Clinus_superciliosus	IF
AEQ93035.1	Clinus_superciliosus	IF
AEQ93036.1	Clinus_superciliosus	IF
AEQ93037.1	Clinus_superciliosus	IF
AEQ93038.1	Clinus_superciliosus	IF
AEQ93039.1	Clinus_superciliosus	IF
AEQ93040.1	Clinus_superciliosus	IF
AEQ93041.1	Clinus_superciliosus	IF
AEQ93042.1	Clinus_superciliosus	IF
AEQ93043.1	Clinus_superciliosus	IF
AEQ93044.1	Clinus_superciliosus	IF
AEQ93045.1	Clinus_superciliosus	IF
AEQ93047.1	Clinus_superciliosus	IF
AEQ93049.1	Clinus_superciliosus	IF
AEQ93050.1	Clinus_superciliosus	IF
AEQ93052.1	Clinus_superciliosus	IF
AEQ93053.1	Clinus_superciliosus	IF
AEQ93054.1	Clinus_superciliosus	IF
AEQ93056.1	Clinus_superciliosus	IF
AEQ93084.1	Clinus_superciliosus	IF
AEQ93085.1	Clinus_superciliosus	IF
AEQ93086.1	Clinus_superciliosus	IF
AEQ93087.1	Clinus_superciliosus	IF
AEQ93088.1	Clinus_superciliosus	IF
AEQ93089.1	Clinus_superciliosus	IF
AEQ93090.1	Clinus_superciliosus	IF
AEQ93092.1	Clinus_superciliosus	IF
AEQ93093.1	Clinus_superciliosus	IF
AEQ93094.1	Clinus_superciliosus	IF
AEQ93095.1	Clinus_superciliosus	IF
AEQ93096.1	Clinus_superciliosus	IF
AEQ93097.1	Clinus_superciliosus	IF
AEQ93101.1	Clinus_superciliosus	IF
AEQ93103.1	Clinus_superciliosus	IF
AEQ93104.1	Clinus_superciliosus	IF
AEQ93108.1	Clinus_superciliosus	IF
AEQ93091.1	Clinus_superciliosus	IF
AEQ93107.1	Clinus_superciliosus	IF
AEQ92921.1	Chaenopsis_alepidota	IF
AEQ92922.1	Chaenopsis_alepidota	IF
AEQ92923.1	Chaenopsis_alepidota	IF
AEQ92925.1	Chaenopsis_alepidota	IF
AEQ92926.1	Chaenopsis_alepidota	IF
AEQ93111.1	Clinus_superciliosus	IF
AEQ93098.1	Clinus_superciliosus	IF
AEQ93100.1	Clinus_superciliosus	IF
AEQ93082.1	Clinus_superciliosus	IF
AEQ92995.1	Clinus_superciliosus	IF
AEQ92996.1	Clinus_superciliosus	IF
AEQ92997.1	Clinus_superciliosus	IF
AEQ92998.1	Clinus_superciliosus	IF
AEQ92999.1	Clinus_superciliosus	IF
AEQ93000.1	Clinus_superciliosus	IF
AEQ93001.1	Clinus_superciliosus	IF
AEQ93002.1	Clinus_superciliosus	IF
AEQ93003.1	Clinus_superciliosus	IF
AEQ93004.1	Clinus_superciliosus	IF
AEQ93005.1	Clinus_superciliosus	IF
AEQ93006.1	Clinus_superciliosus	IF
AEQ93007.1	Clinus_superciliosus	IF
AEQ93008.1	Clinus_superciliosus	IF
AEQ93009.1	Clinus_superciliosus	IF
AEQ93010.1	Clinus_superciliosus	IF
AEQ93012.1	Clinus_superciliosus	IF
AEQ93014.1	Clinus_superciliosus	IF
AEQ93015.1	Clinus_superciliosus	IF
AEQ93017.1	Clinus_superciliosus	IF
AEQ93018.1	Clinus_superciliosus	IF
AEQ93019.1	Clinus_superciliosus	IF
AEQ93021.1	Clinus_superciliosus	IF
AEQ93022.1	Clinus_superciliosus	IF
AEQ93024.1	Clinus_superciliosus	IF
AEQ93025.1	Clinus_superciliosus	IF
AEQ93027.1	Clinus_superciliosus	IF
AEQ93028.1	Clinus_superciliosus	IF
AEQ93029.1	Clinus_superciliosus	IF
AEQ93030.1	Clinus_superciliosus	IF
AEQ93031.1	Clinus_superciliosus	IF
AEQ93048.1	Clinus_superciliosus	IF
AEQ93051.1	Clinus_superciliosus	IF
AEQ93055.1	Clinus_superciliosus	IF
AEQ93057.1	Clinus_superciliosus	IF
AEQ93058.1	Clinus_superciliosus	IF
AEQ93059.1	Clinus_superciliosus	IF
AEQ93060.1	Clinus_superciliosus	IF
AEQ93061.1	Clinus_superciliosus	IF
AEQ93062.1	Clinus_superciliosus	IF
AEQ93063.1	Clinus_superciliosus	IF
AEQ93064.1	Clinus_superciliosus	IF
AEQ93065.1	Clinus_superciliosus	IF
AEQ93066.1	Clinus_superciliosus	IF
AEQ93067.1	Clinus_superciliosus	IF
AEQ93068.1	Clinus_superciliosus	IF
AEQ93069.1	Clinus_superciliosus	IF
AEQ93070.1	Clinus_superciliosus	IF
AEQ93071.1	Clinus_superciliosus	IF
AEQ93072.1	Clinus_superciliosus	IF
AEQ93079.1	Clinus_superciliosus	IF
AEQ93080.1	Clinus_superciliosus	IF
AEQ93081.1	Clinus_superciliosus	IF
AEQ93083.1	Clinus_superciliosus	IF
AEQ93099.1	Clinus_superciliosus	IF
AEQ93011.1	Clinus_superciliosus	IF
ADG65569.1	Pomatoschistus_minutus	IF
ADG65559.1	Pomatoschistus_minutus	IF
ADG65568.1	Pomatoschistus_minutus	IF
ADG65570.1	Pomatoschistus_minutus	IF
ADG65571.1	Pomatoschistus_minutus	IF
ADG65572.1	Pomatoschistus_minutus	IF
ADG65573.1	Pomatoschistus_minutus	IF
ADG65576.1	Pomatoschistus_minutus	IF
ADG65577.1	Pomatoschistus_minutus	IF
ADG65567.1	Pomatoschistus_minutus	IF
ADA57140.1	Jenynsia_onca	IF
AOL02370.1	Dischistodus_prosopotaenia	IF
BBA26738.1	Haplochromis_sp._deepwater_c	IF
BBA26737.1	Haplochromis_sp._deepwater_c	IF
BBA26740.1	Haplochromis_sp._deepwater_c	IF
BBA26748.1	Haplochromis_sp._deepwater_c	IF
BBA26750.1	Haplochromis_sp._deepwater_c	IF
BBA26753.1	Haplochromis_sp._deepwater_c	IF
BBA26761.1	Haplochromis_sp._deepwater_c	IF
BBA26766.1	Haplochromis_sp._deepwater_c	IF
BBA26739.1	Haplochromis_sp._deepwater_c	IF
BBA26742.1	Haplochromis_sp._deepwater_c	IF
BBA26745.1	Haplochromis_sp._deepwater_c	IF
BBA26746.1	Haplochromis_sp._deepwater_c	IF
BBA26747.1	Haplochromis_sp._deepwater_c	IF
BBA26751.1	Haplochromis_sp._deepwater_c	IF
BBA26754.1	Haplochromis_sp._deepwater_c	IF
BBA26755.1	Haplochromis_sp._deepwater_c	IF
BBA26762.1	Haplochromis_sp._deepwater_c	IF
BBA26768.1	Haplochromis_sp._deepwater_c	IF
BBA26764.1	Haplochromis_sp._deepwater_c	IF
BBA26741.1	Haplochromis_sp._deepwater_c	IF
BBA26743.1	Haplochromis_sp._deepwater_c	IF
BBA26744.1	Haplochromis_sp._deepwater_c	IF
BBA26749.1	Haplochromis_sp._deepwater_c	IF
BBA26752.1	Haplochromis_sp._deepwater_c	IF
BBA26756.1	Haplochromis_sp._deepwater_c	IF
BBA26757.1	Haplochromis_sp._deepwater_c	IF
BBA26758.1	Haplochromis_sp._deepwater_c	IF
BBA26759.1	Haplochromis_sp._deepwater_c	IF
BBA26760.1	Haplochromis_sp._deepwater_c	IF
BBA26763.1	Haplochromis_sp._deepwater_c	IF
BBA26765.1	Haplochromis_sp._deepwater_c	IF
BBA26767.1	Haplochromis_sp._deepwater_c	IF
AAV93300.1	Lipochromis_melanopterus	IF
BBA26784.1	Yssichromis_cf._fusiformis_Y	IF
BBA26817.1	Haplochromis_piceatus	IF
BBA26812.1	Haplochromis_piceatus	IF
BBA26780.1	Yssichromis_cf._fusiformis_Y	IF
BBA26828.1	Haplochromis_piceatus	IF
BBA26776.1	Yssichromis_cf._fusiformis_Y	IF
BBA26773.1	Yssichromis_cf._fusiformis_Y	IF
BBA26769.1	Yssichromis_cf._fusiformis_Y	IF
BBA26770.1	Yssichromis_cf._fusiformis_Y	IF
BBA26772.1	Yssichromis_cf._fusiformis_Y	IF
BBA26774.1	Yssichromis_cf._fusiformis_Y	IF
BBA26777.1	Yssichromis_cf._fusiformis_Y	IF
BBA26779.1	Yssichromis_cf._fusiformis_Y	IF
BBA26781.1	Yssichromis_cf._fusiformis_Y	IF
BBA26785.1	Yssichromis_cf._fusiformis_Y	IF
BBA26813.1	Haplochromis_piceatus	IF
BBA26816.1	Haplochromis_piceatus	IF
BBA26818.1	Haplochromis_piceatus	IF
BBA26819.1	Haplochromis_piceatus	IF
BBA26820.1	Haplochromis_piceatus	IF
BBA26823.1	Haplochromis_piceatus	IF
BBA26827.1	Haplochromis_piceatus	IF
BBA26771.1	Yssichromis_cf._fusiformis_Y	IF
BBA26783.1	Yssichromis_cf._fusiformis_Y	IF
BBA26826.1	Haplochromis_piceatus	IF
BBA26821.1	Haplochromis_piceatus	IF
BBA26822.1	Haplochromis_piceatus	IF
BBA26824.1	Haplochromis_piceatus	IF
BBA26825.1	Haplochromis_piceatus	IF
BBA26815.1	Haplochromis_piceatus	IF
BBA26814.1	Haplochromis_piceatus	IF
BBA26778.1	Yssichromis_cf._fusiformis_Y	IF
BBA26775.1	Yssichromis_cf._fusiformis_Y	IF
BBA26782.1	Yssichromis_cf._fusiformis_Y	IF
BBA26803.1	Haplochromis_cf._hiatus_YT-2	IF
BBA26705.1	Haplochromis_cf._paropius_YT	IF
BAM64102.1	Haplochromis_sp._'thick_skin	IF
BAM64630.1	Haplochromis_sp._'thick_skin	IF
BAM64631.1	Haplochromis_sp._'thick_skin	IF
BAM64112.1	Haplochromis_sp._'thick_skin	IF
BAM64651.1	Haplochromis_sp._'thick_skin	IF
BBA26787.1	Haplochromis_sp._'green_dent	IF
BAM64106.1	Haplochromis_sp._'thick_skin	IF
BAM64638.1	Haplochromis_sp._'thick_skin	IF
BAM64639.1	Haplochromis_sp._'thick_skin	IF
BAM64624.1	Haplochromis_sp._'thick_skin	IF
BAM64625.1	Haplochromis_sp._'thick_skin	IF
BAM64099.1	Haplochromis_sp._'thick_skin	IF
BAM64100.1	Haplochromis_sp._'thick_skin	IF
BAM64095.1	Haplochromis_sp._'thick_skin	IF
BAM64617.1	Haplochromis_sp._'thick_skin	IF
BAM64627.1	Haplochromis_sp._'thick_skin	IF
BBA26837.1	Haplochromis_cf._supramacrop	IF
BBA26852.1	Haplochromis_cf._supramacrop	IF
BAM64115.1	Haplochromis_sp._'thick_skin	IF
BAM64094.1	Haplochromis_sp._'thick_skin	IF
BAM64101.1	Haplochromis_sp._'thick_skin	IF
BAM64103.1	Haplochromis_sp._'thick_skin	IF
BAM64104.1	Haplochromis_sp._'thick_skin	IF
BAM64105.1	Haplochromis_sp._'thick_skin	IF
BAM64107.1	Haplochromis_sp._'thick_skin	IF
BAM64109.1	Haplochromis_sp._'thick_skin	IF
BAM64097.1	Haplochromis_sp._'thick_skin	IF
BAM64113.1	Haplochromis_sp._'thick_skin	IF
BAM64117.1	Haplochromis_riponianus	IF
BBA26879.1	Haplochromis_xenognathus	IF
BAM64665.1	Haplochromis_riponianus	IF
BAM64116.1	Haplochromis_riponianus	IF
BAM64119.1	Haplochromis_riponianus	IF
BBA26715.1	Platytaeniodus_degeni	IF
BBA26717.1	Platytaeniodus_degeni	IF
BBA26730.1	Platytaeniodus_degeni	IF
BBA26732.1	Platytaeniodus_degeni	IF
BBA26734.1	Platytaeniodus_degeni	IF
BBA26880.1	Haplochromis_xenognathus	IF
BBA26877.1	Haplochromis_xenognathus	IF
BBA26868.1	Haplochromis_sp._'stone'	IF
BAM64657.1	Haplochromis_sp._'thick_skin	IF
BAM64093.1	Haplochromis_sp._'thick_skin	IF
BAM64612.1	Haplochromis_sp._'thick_skin	IF
BAM64613.1	Haplochromis_sp._'thick_skin	IF
BAM64616.1	Haplochromis_sp._'thick_skin	IF
BAM64621.1	Haplochromis_sp._'thick_skin	IF
BAM64110.1	Haplochromis_sp._'thick_skin	IF
BAM64111.1	Haplochromis_sp._'thick_skin	IF
BAM64615.1	Haplochromis_sp._'thick_skin	IF
BAM64629.1	Haplochromis_sp._'thick_skin	IF
BAM64633.1	Haplochromis_sp._'thick_skin	IF
BAM64635.1	Haplochromis_sp._'thick_skin	IF
BAM64637.1	Haplochromis_sp._'thick_skin	IF
BAM64641.1	Haplochromis_sp._'thick_skin	IF
BAM64645.1	Haplochromis_sp._'thick_skin	IF
BAM64646.1	Haplochromis_sp._'thick_skin	IF
BAM64647.1	Haplochromis_sp._'thick_skin	IF
BAM64648.1	Haplochromis_sp._'thick_skin	IF
BAM64649.1	Haplochromis_sp._'thick_skin	IF
BAM64118.1	Haplochromis_riponianus	IF
BAM64662.1	Haplochromis_riponianus	IF
BAM64663.1	Haplochromis_riponianus	IF
BAM64653.1	Haplochromis_sp._'thick_skin	IF
BAM64658.1	Haplochromis_riponianus	IF
BAM64661.1	Haplochromis_riponianus	IF
BAM64664.1	Haplochromis_riponianus	IF
BBA26872.1	Haplochromis_xenognathus	IF
BBA26716.1	Platytaeniodus_degeni	IF
BBA26718.1	Platytaeniodus_degeni	IF
BBA26719.1	Platytaeniodus_degeni	IF
BBA26720.1	Platytaeniodus_degeni	IF
BBA26721.1	Platytaeniodus_degeni	IF
BBA26722.1	Platytaeniodus_degeni	IF
BBA26723.1	Platytaeniodus_degeni	IF
BBA26724.1	Platytaeniodus_degeni	IF
BBA26725.1	Platytaeniodus_degeni	IF
BBA26726.1	Platytaeniodus_degeni	IF
BBA26727.1	Platytaeniodus_degeni	IF
BBA26728.1	Platytaeniodus_degeni	IF
BBA26729.1	Platytaeniodus_degeni	IF
BBA26731.1	Platytaeniodus_degeni	IF
BBA26733.1	Platytaeniodus_degeni	IF
BBA26735.1	Platytaeniodus_degeni	IF
BBA26736.1	Platytaeniodus_degeni	IF
BBA26786.1	Haplochromis_sp._'green_dent	IF
BBA26788.1	Haplochromis_sp._'green_dent	IF
BBA26789.1	Haplochromis_sp._'green_dent	IF
BBA26790.1	Haplochromis_sp._'green_dent	IF
BBA26791.1	Haplochromis_sp._'green_dent	IF
BBA26793.1	Haplochromis_sp._'green_dent	IF
BBA26794.1	Haplochromis_sp._'green_dent	IF
BBA26795.1	Haplochromis_sp._'green_dent	IF
BBA26865.1	Haplochromis_sp._'stone'	IF
BBA26866.1	Haplochromis_sp._'stone'	IF
BBA26867.1	Haplochromis_sp._'stone'	IF
BBA26869.1	Haplochromis_sp._'stone'	IF
BBA26870.1	Haplochromis_sp._'stone'	IF
BBA26871.1	Haplochromis_xenognathus	IF
BBA26873.1	Haplochromis_xenognathus	IF
BBA26874.1	Haplochromis_xenognathus	IF
BBA26875.1	Haplochromis_xenognathus	IF
BBA26876.1	Haplochromis_xenognathus	IF
BBA26878.1	Haplochromis_xenognathus	IF
BBA26881.1	Haplochromis_xenognathus	IF
BBA26882.1	Haplochromis_xenognathus	IF
BAM64565.1	Platytaeniodus_degeni	IF
BAM64571.1	Platytaeniodus_degeni	IF
BAM64581.1	Platytaeniodus_degeni	IF
BAM64585.1	Platytaeniodus_degeni	IF
BAM64659.1	Haplochromis_riponianus	IF
BAM64075.1	Platytaeniodus_degeni	IF
BAM64272.1	Platytaeniodus_degeni	IF
BAM64027.1	Haplochromis_sp._'macula'	IF
BAM64077.1	Platytaeniodus_degeni	IF
BAM64069.1	Platytaeniodus_degeni	IF
BAM64072.1	Platytaeniodus_degeni	IF
BAM64079.1	Platytaeniodus_degeni	IF
BAM64266.1	Platytaeniodus_degeni	IF
BAM64269.1	Platytaeniodus_degeni	IF
BAM64274.1	Platytaeniodus_degeni	IF
BAM64276.1	Platytaeniodus_degeni	IF
BAM64078.1	Platytaeniodus_degeni	IF
BAM64070.1	Platytaeniodus_degeni	IF
BAM64071.1	Platytaeniodus_degeni	IF
BAM64073.1	Platytaeniodus_degeni	IF
BAM64074.1	Platytaeniodus_degeni	IF
BAM64076.1	Platytaeniodus_degeni	IF
BAM64080.1	Haplochromis_fischeri	IF
BAM64081.1	Haplochromis_fischeri	IF
BAM64082.1	Haplochromis_fischeri	IF
BAM64083.1	Haplochromis_fischeri	IF
BAM64084.1	Haplochromis_fischeri	IF
BAM64085.1	Haplochromis_fischeri	IF
BAM64086.1	Haplochromis_fischeri	IF
BAM64087.1	Haplochromis_fischeri	IF
BAM64088.1	Haplochromis_fischeri	IF
BAM64089.1	Haplochromis_fischeri	IF
BAM64090.1	Haplochromis_fischeri	IF
BAM64091.1	Haplochromis_fischeri	IF
BAM64092.1	Haplochromis_fischeri	IF
BAM64267.1	Platytaeniodus_degeni	IF
BAM64268.1	Platytaeniodus_degeni	IF
BAM64270.1	Platytaeniodus_degeni	IF
BAM64271.1	Platytaeniodus_degeni	IF
BAM64273.1	Platytaeniodus_degeni	IF
BAM64275.1	Platytaeniodus_degeni	IF
BAM64277.1	Haplochromis_fischeri	IF
BAM64278.1	Haplochromis_fischeri	IF
BAM64279.1	Haplochromis_fischeri	IF
BAM64280.1	Haplochromis_fischeri	IF
BAM64281.1	Haplochromis_fischeri	IF
BAM64282.1	Haplochromis_fischeri	IF
BAM64283.1	Haplochromis_fischeri	IF
BAM64284.1	Haplochromis_fischeri	IF
BAM64285.1	Haplochromis_fischeri	IF
BAM64286.1	Haplochromis_fischeri	IF
BAM64287.1	Haplochromis_fischeri	IF
BAM64288.1	Haplochromis_fischeri	IF
BAM64289.1	Haplochromis_fischeri	IF
BAM64481.1	Haplochromis_sp._'macula'	IF
BAM64564.1	Platytaeniodus_degeni	IF
BAM64566.1	Platytaeniodus_degeni	IF
BAM64567.1	Platytaeniodus_degeni	IF
BAM64568.1	Platytaeniodus_degeni	IF
BAM64569.1	Platytaeniodus_degeni	IF
BAM64570.1	Platytaeniodus_degeni	IF
BAM64572.1	Platytaeniodus_degeni	IF
BAM64573.1	Platytaeniodus_degeni	IF
BAM64574.1	Platytaeniodus_degeni	IF
BAM64575.1	Platytaeniodus_degeni	IF
BAM64576.1	Platytaeniodus_degeni	IF
BAM64578.1	Platytaeniodus_degeni	IF
BAM64579.1	Platytaeniodus_degeni	IF
BAM64580.1	Platytaeniodus_degeni	IF
BAM64582.1	Platytaeniodus_degeni	IF
BAM64583.1	Platytaeniodus_degeni	IF
BAM64584.1	Platytaeniodus_degeni	IF
BAM64586.1	Haplochromis_fischeri	IF
BAM64587.1	Haplochromis_fischeri	IF
BAM64588.1	Haplochromis_fischeri	IF
BAM64589.1	Haplochromis_fischeri	IF
BAM64590.1	Haplochromis_fischeri	IF
BAM64591.1	Haplochromis_fischeri	IF
BAM64592.1	Haplochromis_fischeri	IF
BAM64593.1	Haplochromis_fischeri	IF
BAM64594.1	Haplochromis_fischeri	IF
BAM64595.1	Haplochromis_fischeri	IF
BAM64596.1	Haplochromis_fischeri	IF
BAM64597.1	Haplochromis_fischeri	IF
BAM64598.1	Haplochromis_fischeri	IF
BAM64599.1	Haplochromis_fischeri	IF
BAM64600.1	Haplochromis_fischeri	IF
BAM64601.1	Haplochromis_fischeri	IF
BAM64602.1	Haplochromis_fischeri	IF
BAM64603.1	Haplochromis_fischeri	IF
BAM64604.1	Haplochromis_fischeri	IF
BAM64605.1	Haplochromis_fischeri	IF
BAM64606.1	Haplochromis_fischeri	IF
BAM64607.1	Haplochromis_fischeri	IF
BAM64608.1	Haplochromis_fischeri	IF
BAM64609.1	Haplochromis_fischeri	IF
BAM64610.1	Haplochromis_fischeri	IF
BAM64611.1	Haplochromis_fischeri	IF
BBA26863.1	Haplochromis_cf._supramacrop	IF
BAM64650.1	Haplochromis_sp._'thick_skin	IF
BBA26671.1	Haplochromis_cf._paropius_YT	IF
BBA26675.1	Haplochromis_cf._paropius_YT	IF
BBA26677.1	Haplochromis_cf._paropius_YT	IF
BBA26678.1	Haplochromis_cf._paropius_YT	IF
BBA26679.1	Haplochromis_cf._paropius_YT	IF
BBA26681.1	Haplochromis_cf._paropius_YT	IF
BBA26682.1	Haplochromis_cf._paropius_YT	IF
BBA26683.1	Haplochromis_cf._paropius_YT	IF
BBA26684.1	Haplochromis_cf._paropius_YT	IF
BBA26688.1	Haplochromis_cf._paropius_YT	IF
BBA26694.1	Haplochromis_cf._paropius_YT	IF
BBA26696.1	Haplochromis_cf._paropius_YT	IF
BBA26697.1	Haplochromis_cf._paropius_YT	IF
BBA26698.1	Haplochromis_cf._paropius_YT	IF
BBA26699.1	Haplochromis_cf._paropius_YT	IF
BBA26700.1	Haplochromis_cf._paropius_YT	IF
BBA26702.1	Haplochromis_cf._paropius_YT	IF
BBA26703.1	Haplochromis_cf._paropius_YT	IF
BBA26704.1	Haplochromis_cf._paropius_YT	IF
BBA26707.1	Haplochromis_cf._paropius_YT	IF
BBA26708.1	Haplochromis_cf._paropius_YT	IF
BBA26710.1	Haplochromis_cf._paropius_YT	IF
BBA26712.1	Haplochromis_cf._paropius_YT	IF
BBA26713.1	Haplochromis_cf._paropius_YT	IF
BBA26714.1	Haplochromis_cf._paropius_YT	IF
BBA26673.1	Haplochromis_cf._paropius_YT	IF
BBA26701.1	Haplochromis_cf._paropius_YT	IF
BAC02615.1	Haplochromis_sp._'brownae'	IF
BBA26680.1	Haplochromis_cf._paropius_YT	IF
BBA26670.1	Haplochromis_cf._paropius_YT	IF
BBA26672.1	Haplochromis_cf._paropius_YT	IF
BBA26676.1	Haplochromis_cf._paropius_YT	IF
BBA26686.1	Haplochromis_cf._paropius_YT	IF
BBA26687.1	Haplochromis_cf._paropius_YT	IF
BBA26689.1	Haplochromis_cf._paropius_YT	IF
BBA26690.1	Haplochromis_cf._paropius_YT	IF
BBA26691.1	Haplochromis_cf._paropius_YT	IF
BBA26692.1	Haplochromis_cf._paropius_YT	IF
BBA26693.1	Haplochromis_cf._paropius_YT	IF
BBA26695.1	Haplochromis_cf._paropius_YT	IF
BBA26706.1	Haplochromis_cf._paropius_YT	IF
BBA26709.1	Haplochromis_cf._paropius_YT	IF
BBA26711.1	Haplochromis_cf._paropius_YT	IF
BBA26674.1	Haplochromis_cf._paropius_YT	IF
BBA26685.1	Haplochromis_cf._paropius_YT	IF
BAM64577.1	Platytaeniodus_degeni	IF
BBA26809.1	Haplochromis_cf._hiatus_YT-2	IF
BBA26805.1	Haplochromis_cf._hiatus_YT-2	IF
BAM64656.1	Haplochromis_sp._'thick_skin	IF
BAM64096.1	Haplochromis_sp._'thick_skin	IF
BAM64098.1	Haplochromis_sp._'thick_skin	IF
BAM64618.1	Haplochromis_sp._'thick_skin	IF
BAM64619.1	Haplochromis_sp._'thick_skin	IF
BAM64620.1	Haplochromis_sp._'thick_skin	IF
BAM64622.1	Haplochromis_sp._'thick_skin	IF
BAM64623.1	Haplochromis_sp._'thick_skin	IF
BAM64108.1	Haplochromis_sp._'thick_skin	IF
BAM64614.1	Haplochromis_sp._'thick_skin	IF
BAM64626.1	Haplochromis_sp._'thick_skin	IF
BAM64628.1	Haplochromis_sp._'thick_skin	IF
BAM64632.1	Haplochromis_sp._'thick_skin	IF
BAM64634.1	Haplochromis_sp._'thick_skin	IF
BAM64636.1	Haplochromis_sp._'thick_skin	IF
BAM64640.1	Haplochromis_sp._'thick_skin	IF
BAM64642.1	Haplochromis_sp._'thick_skin	IF
BAM64643.1	Haplochromis_sp._'thick_skin	IF
BAM64644.1	Haplochromis_sp._'thick_skin	IF
BAM64114.1	Haplochromis_sp._'thick_skin	IF
BAM64652.1	Haplochromis_sp._'thick_skin	IF
BAM64654.1	Haplochromis_sp._'thick_skin	IF
BAM64655.1	Haplochromis_sp._'thick_skin	IF
BAM64660.1	Haplochromis_riponianus	IF
BBA26792.1	Haplochromis_sp._'green_dent	IF
BBA26796.1	Haplochromis_cf._hiatus_YT-2	IF
BBA26797.1	Haplochromis_cf._hiatus_YT-2	IF
BBA26798.1	Haplochromis_cf._hiatus_YT-2	IF
BBA26799.1	Haplochromis_cf._hiatus_YT-2	IF
BBA26800.1	Haplochromis_cf._hiatus_YT-2	IF
BBA26801.1	Haplochromis_cf._hiatus_YT-2	IF
BBA26802.1	Haplochromis_cf._hiatus_YT-2	IF
BBA26804.1	Haplochromis_cf._hiatus_YT-2	IF
BBA26806.1	Haplochromis_cf._hiatus_YT-2	IF
BBA26807.1	Haplochromis_cf._hiatus_YT-2	IF
BBA26808.1	Haplochromis_cf._hiatus_YT-2	IF
BBA26810.1	Haplochromis_cf._hiatus_YT-2	IF
BBA26811.1	Haplochromis_cf._hiatus_YT-2	IF
BBA26848.1	Haplochromis_cf._supramacrop	IF
BBA26829.1	Haplochromis_cf._supramacrop	IF
BBA26830.1	Haplochromis_cf._supramacrop	IF
BBA26831.1	Haplochromis_cf._supramacrop	IF
BBA26832.1	Haplochromis_cf._supramacrop	IF
BBA26833.1	Haplochromis_cf._supramacrop	IF
BBA26835.1	Haplochromis_cf._supramacrop	IF
BBA26836.1	Haplochromis_cf._supramacrop	IF
BBA26838.1	Haplochromis_cf._supramacrop	IF
BBA26839.1	Haplochromis_cf._supramacrop	IF
BBA26840.1	Haplochromis_cf._supramacrop	IF
BBA26841.1	Haplochromis_cf._supramacrop	IF
BBA26842.1	Haplochromis_cf._supramacrop	IF
BBA26843.1	Haplochromis_cf._supramacrop	IF
BBA26844.1	Haplochromis_cf._supramacrop	IF
BBA26845.1	Haplochromis_cf._supramacrop	IF
BBA26847.1	Haplochromis_cf._supramacrop	IF
BBA26850.1	Haplochromis_cf._supramacrop	IF
BBA26851.1	Haplochromis_cf._supramacrop	IF
BBA26854.1	Haplochromis_cf._supramacrop	IF
BBA26857.1	Haplochromis_cf._supramacrop	IF
BBA26858.1	Haplochromis_cf._supramacrop	IF
BBA26859.1	Haplochromis_cf._supramacrop	IF
BBA26860.1	Haplochromis_cf._supramacrop	IF
BBA26861.1	Haplochromis_cf._supramacrop	IF
BBA26862.1	Haplochromis_cf._supramacrop	IF
BBA26864.1	Haplochromis_cf._supramacrop	IF
BBA26834.1	Haplochromis_cf._supramacrop	IF
BBA26846.1	Haplochromis_cf._supramacrop	IF
BBA26849.1	Haplochromis_cf._supramacrop	IF
BBA26853.1	Haplochromis_cf._supramacrop	IF
BBA26855.1	Haplochromis_cf._supramacrop	IF
BBA26856.1	Haplochromis_cf._supramacrop	IF
BAM64026.1	Haplochromis_sp._'macula'	IF
BAM64028.1	Haplochromis_sp._'macula'	IF
BAM64029.1	Haplochromis_sp._'macula'	IF
BAM64030.1	Haplochromis_sp._'macula'	IF
BAM64031.1	Haplochromis_sp._'macula'	IF
BAM64032.1	Haplochromis_sp._'macula'	IF
BAM64033.1	Haplochromis_sp._'macula'	IF
BAM64034.1	Haplochromis_sp._'macula'	IF
BAM64035.1	Haplochromis_sp._'macula'	IF
BAM64036.1	Haplochromis_sp._'macula'	IF
BAM64037.1	Haplochromis_sp._'macula'	IF
BAM64038.1	Haplochromis_sp._'macula'	IF
BAM64039.1	Haplochromis_sp._'macula'	IF
BAM64040.1	Haplochromis_sp._'macula'	IF
BAM64041.1	Haplochromis_sp._'macula'	IF
BAM64042.1	Haplochromis_sp._'macula'	IF
BAM64043.1	Haplochromis_sp._'macula'	IF
BAM64044.1	Haplochromis_sp._'macula'	IF
BAM64045.1	Haplochromis_sp._'macula'	IF
BAM64046.1	Haplochromis_sp._'macula'	IF
BAM64047.1	Haplochromis_sp._'macula'	IF
BAM64048.1	Haplochromis_sp._'macula'	IF
BAM64049.1	Haplochromis_pyrrhocephalus	IF
BAM64050.1	Haplochromis_pyrrhocephalus	IF
BAM64051.1	Haplochromis_pyrrhocephalus	IF
BAM64052.1	Haplochromis_pyrrhocephalus	IF
BAM64053.1	Haplochromis_pyrrhocephalus	IF
BAM64054.1	Haplochromis_pyrrhocephalus	IF
BAM64055.1	Haplochromis_pyrrhocephalus	IF
BAM64056.1	Haplochromis_pyrrhocephalus	IF
BAM64057.1	Haplochromis_pyrrhocephalus	IF
BAM64058.1	Haplochromis_pyrrhocephalus	IF
BAM64059.1	Haplochromis_pyrrhocephalus	IF
BAM64060.1	Haplochromis_pyrrhocephalus	IF
BAM64061.1	Haplochromis_pyrrhocephalus	IF
BAM64062.1	Haplochromis_pyrrhocephalus	IF
BAM64063.1	Haplochromis_pyrrhocephalus	IF
BAM64064.1	Haplochromis_pyrrhocephalus	IF
BAM64065.1	Haplochromis_pyrrhocephalus	IF
BAM64066.1	Haplochromis_pyrrhocephalus	IF
BAM64067.1	Haplochromis_pyrrhocephalus	IF
BAM64068.1	Haplochromis_pyrrhocephalus	IF
BAM64246.1	Haplochromis_sp._'macula'	IF
BAM64247.1	Haplochromis_sp._'macula'	IF
BAM64248.1	Haplochromis_sp._'macula'	IF
BAM64249.1	Haplochromis_sp._'macula'	IF
BAM64250.1	Haplochromis_sp._'macula'	IF
BAM64251.1	Haplochromis_sp._'macula'	IF
BAM64252.1	Haplochromis_sp._'macula'	IF
BAM64253.1	Haplochromis_sp._'macula'	IF
BAM64254.1	Haplochromis_sp._'macula'	IF
BAM64255.1	Haplochromis_sp._'macula'	IF
BAM64256.1	Haplochromis_pyrrhocephalus	IF
BAM64257.1	Haplochromis_pyrrhocephalus	IF
BAM64258.1	Haplochromis_pyrrhocephalus	IF
BAM64259.1	Haplochromis_pyrrhocephalus	IF
BAM64260.1	Haplochromis_pyrrhocephalus	IF
BAM64261.1	Haplochromis_pyrrhocephalus	IF
BAM64262.1	Haplochromis_pyrrhocephalus	IF
BAM64263.1	Haplochromis_pyrrhocephalus	IF
BAM64264.1	Haplochromis_pyrrhocephalus	IF
BAM64265.1	Haplochromis_pyrrhocephalus	IF
BAM64478.1	Haplochromis_sp._'macula'	IF
BAM64479.1	Haplochromis_sp._'macula'	IF
BAM64480.1	Haplochromis_sp._'macula'	IF
BAM64482.1	Haplochromis_sp._'macula'	IF
BAM64483.1	Haplochromis_sp._'macula'	IF
BAM64484.1	Haplochromis_sp._'macula'	IF
BAM64485.1	Haplochromis_sp._'macula'	IF
BAM64486.1	Haplochromis_sp._'macula'	IF
BAM64487.1	Haplochromis_sp._'macula'	IF
BAM64488.1	Haplochromis_sp._'macula'	IF
BAM64489.1	Haplochromis_sp._'macula'	IF
BAM64490.1	Haplochromis_sp._'macula'	IF
BAM64491.1	Haplochromis_sp._'macula'	IF
BAM64492.1	Haplochromis_sp._'macula'	IF
BAM64493.1	Haplochromis_sp._'macula'	IF
BAM64494.1	Haplochromis_sp._'macula'	IF
BAM64495.1	Haplochromis_sp._'macula'	IF
BAM64496.1	Haplochromis_sp._'macula'	IF
BAM64497.1	Haplochromis_sp._'macula'	IF
BAM64498.1	Haplochromis_sp._'macula'	IF
BAM64499.1	Haplochromis_sp._'macula'	IF
BAM64500.1	Haplochromis_sp._'macula'	IF
BAM64501.1	Haplochromis_sp._'macula'	IF
BAM64502.1	Haplochromis_sp._'macula'	IF
BAM64503.1	Haplochromis_sp._'macula'	IF
BAM64504.1	Haplochromis_sp._'macula'	IF
BAM64505.1	Haplochromis_sp._'macula'	IF
BAM64506.1	Haplochromis_sp._'macula'	IF
BAM64507.1	Haplochromis_sp._'macula'	IF
BAM64508.1	Haplochromis_sp._'macula'	IF
BAM64509.1	Haplochromis_sp._'macula'	IF
BAM64510.1	Haplochromis_sp._'macula'	IF
BAM64511.1	Haplochromis_sp._'macula'	IF
BAM64512.1	Haplochromis_sp._'macula'	IF
BAM64513.1	Haplochromis_sp._'macula'	IF
BAM64514.1	Haplochromis_sp._'macula'	IF
BAM64515.1	Haplochromis_sp._'macula'	IF
BAM64516.1	Haplochromis_sp._'macula'	IF
BAM64517.1	Haplochromis_sp._'macula'	IF
BAM64518.1	Haplochromis_sp._'macula'	IF
BAM64519.1	Haplochromis_sp._'macula'	IF
BAM64520.1	Haplochromis_sp._'macula'	IF
BAM64521.1	Haplochromis_sp._'macula'	IF
BAM64522.1	Haplochromis_sp._'macula'	IF
BAM64523.1	Haplochromis_sp._'macula'	IF
BAM64524.1	Haplochromis_pyrrhocephalus	IF
BAM64525.1	Haplochromis_pyrrhocephalus	IF
BAM64526.1	Haplochromis_pyrrhocephalus	IF
BAM64527.1	Haplochromis_pyrrhocephalus	IF
BAM64528.1	Haplochromis_pyrrhocephalus	IF
BAM64529.1	Haplochromis_pyrrhocephalus	IF
BAM64530.1	Haplochromis_pyrrhocephalus	IF
BAM64531.1	Haplochromis_pyrrhocephalus	IF
BAM64532.1	Haplochromis_pyrrhocephalus	IF
BAM64533.1	Haplochromis_pyrrhocephalus	IF
BAM64534.1	Haplochromis_pyrrhocephalus	IF
BAM64535.1	Haplochromis_pyrrhocephalus	IF
BAM64536.1	Haplochromis_pyrrhocephalus	IF
BAM64537.1	Haplochromis_pyrrhocephalus	IF
BAM64538.1	Haplochromis_pyrrhocephalus	IF
BAM64539.1	Haplochromis_pyrrhocephalus	IF
BAM64540.1	Haplochromis_pyrrhocephalus	IF
BAM64541.1	Haplochromis_pyrrhocephalus	IF
BAM64542.1	Haplochromis_pyrrhocephalus	IF
BAM64543.1	Haplochromis_pyrrhocephalus	IF
BAM64544.1	Haplochromis_pyrrhocephalus	IF
BAM64545.1	Haplochromis_pyrrhocephalus	IF
BAM64546.1	Haplochromis_pyrrhocephalus	IF
BAM64547.1	Haplochromis_pyrrhocephalus	IF
BAM64548.1	Haplochromis_pyrrhocephalus	IF
BAM64549.1	Haplochromis_pyrrhocephalus	IF
BAM64550.1	Haplochromis_pyrrhocephalus	IF
BAM64551.1	Haplochromis_pyrrhocephalus	IF
BAM64552.1	Haplochromis_pyrrhocephalus	IF
BAM64553.1	Haplochromis_pyrrhocephalus	IF
BAM64554.1	Haplochromis_pyrrhocephalus	IF
BAM64555.1	Haplochromis_pyrrhocephalus	IF
BAM64556.1	Haplochromis_pyrrhocephalus	IF
BAM64557.1	Haplochromis_pyrrhocephalus	IF
BAM64558.1	Haplochromis_pyrrhocephalus	IF
BAM64559.1	Haplochromis_pyrrhocephalus	IF
BAM64560.1	Haplochromis_pyrrhocephalus	IF
BAM64561.1	Haplochromis_pyrrhocephalus	IF
BAM64562.1	Haplochromis_pyrrhocephalus	IF
BAM64563.1	Haplochromis_pyrrhocephalus	IF
BAD88505.1	Pallidochromis_tokolosh	IF
BAD88512.1	Rhamphochromis_esox	IF
BAD88633.1	Rhamphochromis_longiceps	IF
BAD88492.1	Astatotilapia_calliptera	IF
BAD88510.1	Tropheops_sp._'mauve'	IF
ADA77660.1	Pseudotropheus_sp._'acei'	IF
ADA77657.1	Melanochromis_vermivorus	IF
AAY26034.1	Mylochromis_lateristriga	IF
AAY26031.1	Lethrinops_parvidens	IF
BAC02613.1	Dimidiochromis_compressiceps	IF
BAD88495.1	Copadichromis_borleyi	IF
BAD88502.1	Nimbochromis_fuscotaeniatus	IF
BAD88509.1	Protomelas_similis	IF
AAY26022.1	Dimidiochromis_compressiceps	IF
AAY26036.1	Copadichromis_borleyi	IF
AAY26024.1	Ophthalmotilapia_ventralis	IF
BAJ60911.1	Ectodus_descampsii	IF
BAJ60914.1	Ophthalmotilapia_nasuta	IF
BAJ60762.1	Cyathopharynx_furcifer	IF
BAJ60763.1	Ectodus_descampsii	IF
BAJ60764.1	Lestradea_stappersii	IF
BAJ60765.1	Lestradea_stappersii	IF
BAJ60767.1	Ophthalmotilapia_ventralis	IF
BAJ60768.1	Ophthalmotilapia_ventralis	IF
BAJ60766.1	Ophthalmotilapia_nasuta	IF
BAJ60759.1	Aulonocranus_dewindti	IF
BAJ60912.1	Aulonocranus_dewindti	IF
BAJ60760.1	Callochromis_macrops	IF
BAJ60761.1	Callochromis_macrops	IF
BAC02629.1	Xenotilapia_ochrogenys	IF
BAD88518.1	Xenotilapia_spiloptera	IF
BAJ60784.1	Xenotilapia_spiloptera	IF
BAJ60777.1	Xenotilapia_melanogenys	IF
BAJ60778.1	Xenotilapia_melanogenys	IF
BAJ60858.1	Neolamprologus_sexfasciatus	IF
BAJ60859.1	Neolamprologus_tetracanthus	IF
BAJ60922.1	Neolamprologus_sexfasciatus	IF
BAJ60865.1	Telmatochromis_temporalis	IF
BAJ60851.1	Neolamprologus_fasciatus	IF
BAJ60852.1	Neolamprologus_fasciatus	IF
BAC02623.1	Spathodus_erythrodon	IF
BAJ60853.1	Variabilichromis_moorii	IF
BAJ60854.1	Variabilichromis_moorii	IF
BAJ60921.1	Variabilichromis_moorii	IF
BAJ60866.1	Telmatochromis_temporalis	IF
BAJ60814.1	Lamprologus_callipterus	IF
BAJ60815.1	Lamprologus_callipterus	IF
BAC02620.1	Oreochromis_niloticus	IF
AAY26023.1	Oreochromis_niloticus	IF
BAC02622.1	Sarotherodon_melanotheron	IF
BAC02626.1	Coptodon_rendalli	IF
ADK92849.1	Coptodon_bakossiorum	IF
ADK92850.1	Coptodon_bemini	IF
ADK92851.1	Coptodon_bythobates	IF
ADK92852.1	Coptodon_snyderae	IF
ADK92837.1	Konia_dikume	IF
ADK92838.1	Konia_eisentrauti	IF
ADK92839.1	Myaka_myaka	IF
ADK92841.1	Sarotherodon_caroli	IF
ADK92842.1	Sarotherodon_lohbergeri	IF
ADK92843.1	Sarotherodon_steinbachi	IF
ADK92844.1	Sarotherodon_linnellii	IF
ADK92846.1	Stomatepia_mongo	IF
ADK92847.1	Stomatepia_mariae	IF
ADK92848.1	Sarotherodon_galilaeus_sanag	IF
ADK92840.1	Pungu_maclareni	IF
ADK92853.1	Coptodon_cf._guineensis_'Mam	IF
BAC02624.1	Steatocranus_casuarius	IF
BAC02625.1	Heterotilapia_buttikoferi	IF
ADC53712.1	Xiphophorus_hellerii	IF
ACI00487.1	Anableps_anableps	IF
BAD88515.1	Xenotilapia_caudafasciata	IF
BAJ60771.1	Xenotilapia_caudafasciata	IF
BAJ60916.1	Xenotilapia_caudafasciata	IF
BAD88517.1	Xenotilapia_nigrolabiata	IF
BAJ60779.1	Xenotilapia_nigrolabiata	IF
BAJ60915.1	Xenotilapia_nigrolabiata	IF
BAJ60706.1	Cyprichromis_leptosoma	IF
BAJ60711.1	Cyprichromis_leptosoma	IF
BAJ60641.1	Cyprichromis_coloratus	IF
BAJ60645.1	Cyprichromis_coloratus	IF
BAJ60650.1	Cyprichromis_coloratus	IF
BAJ60651.1	Cyprichromis_coloratus	IF
BAJ60679.1	Cyprichromis_coloratus	IF
BAJ60680.1	Cyprichromis_coloratus	IF
BAJ60681.1	Cyprichromis_coloratus	IF
BAJ60682.1	Cyprichromis_coloratus	IF
BAJ60683.1	Cyprichromis_coloratus	IF
BAJ60643.1	Cyprichromis_coloratus	IF
BAJ60646.1	Cyprichromis_coloratus	IF
BAJ60647.1	Cyprichromis_coloratus	IF
BAJ60654.1	Cyprichromis_coloratus	IF
BAJ60718.1	Cyprichromis_pavo	IF
BAJ60723.1	Cyprichromis_zonatus	IF
BAJ60731.1	Cyprichromis_zonatus	IF
BAC02627.1	Trematocara_macrostoma	IF
BAD88496.1	Diplotaxodon_macrops	IF
BAJ60860.1	Neolamprologus_tetracanthus	IF
BAJ60816.1	Lepidiolamprologus_cunningto	IF
BAJ60919.1	Lepidiolamprologus_cunningto	IF
BAJ60817.1	Lepidiolamprologus_cunningto	IF
BAJ60868.1	Telmatochromis_vittatus	IF
BAJ60831.1	Lepidiolamprologus_kendalli	IF
BAJ60835.1	Lepidiolamprologus_mimicus	IF
BAJ60836.1	Lepidiolamprologus_mimicus	IF
BAJ60837.1	Lepidiolamprologus_mimicus	IF
BAJ60838.1	Lepidiolamprologus_mimicus	IF
BAJ60839.1	Lepidiolamprologus_sp._'mimi	IF
BAJ60840.1	Lepidiolamprologus_sp._'mimi	IF
BAJ60841.1	Lepidiolamprologus_sp._'mimi	IF
BAJ60822.1	Lepidiolamprologus_elongatus	IF
BAJ60826.1	Lepidiolamprologus_sp._'brow	IF
BAJ60832.1	Lepidiolamprologus_kendalli	IF
BAJ60842.1	Lepidiolamprologus_nkambae	IF
BAJ60843.1	Lepidiolamprologus_nkambae	IF
BAJ60856.1	Neolamprologus_obscurus	IF
BAJ60857.1	Neolamprologus_obscurus	IF
BAJ60844.1	Lepidiolamprologus_nkambae	IF
BAJ60845.1	Lepidiolamprologus_sp._'Nkam	IF
BAJ60806.1	Julidochromis_dickfeldi	IF
AAY26025.1	Neolamprologus_brichardi	IF
BAJ60803.1	Chalinochromis_brichardi	IF
BAJ60804.1	Chalinochromis_brichardi	IF
BAJ60805.1	Chalinochromis_brichardi	IF
BAJ60807.1	Julidochromis_dickfeldi	IF
BAJ60808.1	Julidochromis_marlieri	IF
BAJ60809.1	Julidochromis_marlieri	IF
BAJ60810.1	Julidochromis_ornatus	IF
BAJ60811.1	Lepidiolamprologus_attenuatu	IF
BAJ60812.1	Lepidiolamprologus_attenuatu	IF
BAJ60813.1	Lepidiolamprologus_attenuatu	IF
BAJ60818.1	Lepidiolamprologus_elongatus	IF
BAJ60819.1	Lepidiolamprologus_elongatus	IF
BAJ60820.1	Lepidiolamprologus_elongatus	IF
BAJ60821.1	Lepidiolamprologus_elongatus	IF
BAJ60823.1	Lepidiolamprologus_elongatus	IF
BAJ60824.1	Lepidiolamprologus_elongatus	IF
BAJ60825.1	Lepidiolamprologus_sp._'brow	IF
BAJ60827.1	Lepidiolamprologus_sp._'brow	IF
BAJ60828.1	Neolamprologus_hecqui	IF
BAJ60829.1	Neolamprologus_hecqui	IF
BAJ60830.1	Neolamprologus_hecqui	IF
BAJ60846.1	Lepidiolamprologus_sp._'Nkam	IF
BAJ60847.1	Lepidiolamprologus_profundic	IF
BAJ60848.1	Lepidiolamprologus_profundic	IF
BAJ60849.1	Lepidiolamprologus_profundic	IF
BAJ60862.1	Telmatochromis_dhonti	IF
BAJ60863.1	Telmatochromis_dhonti	IF
BAJ60864.1	Telmatochromis_dhonti	IF
BAJ60867.1	Telmatochromis_vittatus	IF
BAJ60918.1	Chalinochromis_brichardi	IF
BAJ60833.1	Lamprologus_lemairii	IF
BAJ60834.1	Lamprologus_lemairii	IF
BAC02606.1	Altolamprologus_calvus	IF
BAJ60801.1	Altolamprologus_compressicep	IF
BAJ60802.1	Altolamprologus_compressicep	IF
BAJ60917.1	Altolamprologus_calvus	IF
BAC02617.1	Lamprologus_ocellatus	IF
BAD88624.1	Haplotaxodon_microlepis	IF
BAJ60927.1	Haplotaxodon_microlepis	IF
BAJ60880.1	Plecodus_paradoxus	IF
BAJ60881.1	Plecodus_paradoxus	IF
BAJ60882.1	Plecodus_paradoxus	IF
BAJ60884.1	Plecodus_paradoxus	IF
BAJ60898.1	Plecodus_paradoxus	IF
BAJ60924.1	Plecodus_paradoxus	IF
BAD88494.1	Bathybates_fasciatus	IF
BAJ60908.1	Xenotilapia_rotundiventralis	IF
BAJ60913.1	Xenotilapia_spiloptera	IF
BAJ60774.1	Grammatotria_lemairii	IF
BAJ60775.1	Grammatotria_lemairii	IF
BAJ60910.1	Xenotilapia_leptura	IF
BAD88489.1	Astatotilapia_calliptera	IF
AAY26032.1	Tyrannochromis_maculatus	IF
AAV93304.1	Copadichromis_cyaneus	IF
BAD88508.1	Placidochromis_polli	IF
BAD88499.1	Labeotropheus_trewavasae	IF
AAY26028.1	Labeotropheus_fuelleborni	IF
BAC02608.1	Aulonocara_sp._blueneon	IF
BAD88491.1	Aulonocara_stuartgranti	IF
BAD88504.1	Otopharynx_heterodon	IF
BAD88507.1	Placidochromis_milomo	IF
BAD88513.1	Sciaenochromis_fryeri	IF
AAY26037.1	Stigmatochromis_modestus	IF
AAY26035.1	Labidochromis_chisumulae	IF
BAC02607.1	Haplochromis_burtoni	IF
BAC02618.1	Melanochromis_auratus	IF
BAC02628.1	Tropheus_duboisi	IF
AAY26026.1	Tropheus_duboisi	IF
AAY26030.1	Melanochromis_auratus	IF
BAM37630.1	Tropheus_duboisi	IF
NP_001274761.1	Haplochromis_burtoni	IF
BAC02616.1	Labidochromis_caeruleus	IF
AAY26027.1	Aulonocara_hueseri	IF
ADA77658.1	Tramitichromis_intermedius	IF
ADA77659.1	Aulonocara_baenschi	IF
BAC02621.1	Maylandia_sp._orange	IF
BAD88511.1	Maylandia_zebra	IF
AAY26029.1	Maylandia_zebra	IF
AAY26033.1	Cynotilapia_afra	IF
BAD88490.1	Aulonocara_sp._'copper'	IF
BAD88503.1	Otopharynx_brooksi	IF
AGC70760.1	Hemichromis_fasciatus	IF
AGC70761.1	Chromidotilapia_guntheri	IF
BAJ60770.1	Xenotilapia_boulengeri	IF
BAJ60909.1	Xenotilapia_bathyphila	IF
BAJ60783.1	Xenotilapia_sima	IF
BAJ60780.1	Xenotilapia_papilio	IF
BAJ60781.1	Xenotilapia_papilio	IF
BAJ60776.1	Xenotilapia_leptura	IF
BAD88516.1	Xenotilapia_flavipinnis	IF
BAJ60769.1	Xenotilapia_boulengeri	IF
BAJ60772.1	Xenotilapia_flavipinnis	IF
BAJ60773.1	Xenotilapia_flavipinnis	IF
BAJ60782.1	Xenotilapia_rotundiventralis	IF
BAJ60785.1	Neolamprologus_ventralis	IF
BAJ60786.1	Neolamprologus_ventralis	IF
BAJ60787.1	Neolamprologus_ventralis	IF
BAJ60788.1	Neolamprologus_ventralis	IF
BAJ60789.1	Neolamprologus_ventralis	IF
BAJ60790.1	Neolamprologus_ventralis	IF
BAJ60791.1	Neolamprologus_ventralis	IF
BAJ60792.1	Neolamprologus_ventralis	IF
BAJ60793.1	Neolamprologus_ventralis	IF
BAJ60794.1	Neolamprologus_ventralis	IF
BAJ60795.1	Neolamprologus_ventralis	IF
BAJ60796.1	Neolamprologus_ventralis	IF
BAJ60797.1	Neolamprologus_ventralis	IF
BAJ60798.1	Neolamprologus_ventralis	IF
BAJ60800.1	Neolamprologus_ventralis	IF
BAJ60861.1	Neolamprologus_ventralis	IF
BAJ60923.1	Neolamprologus_ventralis	IF
BAC02610.1	Boulengerochromis_microlepis	IF
BAD88493.1	Baileychromis_centropomoides	IF
BAD88501.1	Limnochromis_staneri	IF
BAJ60896.1	Plecodus_elaviae	IF
BAJ60869.1	Haplotaxodon_trifasciatus	IF
BAJ60875.1	Perissodus_microlepis	IF
BAJ60876.1	Perissodus_microlepis	IF
BAJ60877.1	Perissodus_microlepis	IF
BAJ60900.1	Perissodus_microlepis	IF
BAJ60926.1	Perissodus_microlepis	IF
BAJ60870.1	Plecodus_elaviae	IF
BAJ60871.1	Plecodus_elaviae	IF
BAJ60872.1	Plecodus_elaviae	IF
BAJ60873.1	Xenochromis_hecqui	IF
BAJ60874.1	Xenochromis_hecqui	IF
BAJ60878.1	Perissodus_multidentatus	IF
BAJ60879.1	Perissodus_multidentatus	IF
BAJ60883.1	Plecodus_paradoxus	IF
BAJ60885.1	Plecodus_straeleni	IF
BAJ60886.1	Plecodus_straeleni	IF
BAJ60887.1	Plecodus_straeleni	IF
BAJ60888.1	Plecodus_straeleni	IF
BAJ60889.1	Plecodus_straeleni	IF
BAJ60890.1	Plecodus_straeleni	IF
BAJ60891.1	Plecodus_straeleni	IF
BAJ60892.1	Plecodus_straeleni	IF
BAJ60893.1	Plecodus_straeleni	IF
BAJ60894.1	Plecodus_straeleni	IF
BAJ60895.1	Plecodus_straeleni	IF
BAJ60925.1	Perissodus_eccentricus	IF
BAJ84174.1	Plecodus_paradoxus	IF
BAJ60902.1	Benthochromis_horii	IF
BAJ60901.1	Benthochromis_melanoides	IF
BAJ60635.1	Benthochromis_horii	IF
BAD88506.1	Plecodus_elaviae	IF
BAJ60897.1	Plecodus_straeleni	IF
BAJ60899.1	Perissodus_multidentatus	IF
BAD88514.1	Trematocara_unimaculatum	IF
BAC02614.1	Gnathochromis_permaxillaris	IF
BAC02609.1	Benthochromis_tricoti	IF
BAJ60636.1	Benthochromis_horii	IF
BAJ60633.1	Benthochromis_melanoides	IF
BAJ60634.1	Benthochromis_melanoides	IF
BAJ60637.1	Benthochromis_tricoti	IF
BAJ60665.1	Paracyprichromis_brieni	IF
BAJ60666.1	Paracyprichromis_brieni	IF
BAJ60667.1	Paracyprichromis_brieni	IF
BAJ60733.1	Paracyprichromis_brieni	IF
BAJ60734.1	Paracyprichromis_brieni	IF
BAJ60735.1	Paracyprichromis_brieni	IF
BAJ60736.1	Paracyprichromis_brieni	IF
BAJ60740.1	Paracyprichromis_brieni	IF
BAJ60741.1	Paracyprichromis_brieni	IF
BAJ60742.1	Paracyprichromis_brieni	IF
BAJ60905.1	Paracyprichromis_brieni	IF
BAJ60677.1	Cyprichromis_coloratus	IF
BAJ60678.1	Cyprichromis_coloratus	IF
BAJ84173.1	Cyprichromis_coloratus	IF
BAJ60700.1	Cyprichromis_coloratus	IF
BAC02612.1	Cyprichromis_leptosoma	IF
BAJ60701.1	Cyprichromis_leptosoma	IF
BAJ60702.1	Cyprichromis_leptosoma	IF
BAJ60703.1	Cyprichromis_leptosoma	IF
BAJ60704.1	Cyprichromis_leptosoma	IF
BAJ60705.1	Cyprichromis_leptosoma	IF
BAJ60707.1	Cyprichromis_leptosoma	IF
BAJ60708.1	Cyprichromis_leptosoma	IF
BAJ60709.1	Cyprichromis_leptosoma	IF
BAJ60710.1	Cyprichromis_leptosoma	IF
BAJ60903.1	Cyprichromis_leptosoma	IF
BAJ60659.1	Cyprichromis_coloratus	IF
BAJ60660.1	Cyprichromis_coloratus	IF
BAJ60661.1	Cyprichromis_coloratus	IF
BAJ60676.1	Cyprichromis_coloratus	IF
BAJ60684.1	Cyprichromis_coloratus	IF
BAJ60688.1	Cyprichromis_coloratus	IF
BAJ60689.1	Cyprichromis_coloratus	IF
BAJ60695.1	Cyprichromis_coloratus	IF
BAJ60696.1	Cyprichromis_coloratus	IF
BAJ60697.1	Cyprichromis_coloratus	IF
BAJ60737.1	Paracyprichromis_nigripinnis	IF
BAJ60752.1	Paracyprichromis_nigripinnis	IF
BAJ60753.1	Paracyprichromis_nigripinnis	IF
BAJ60754.1	Paracyprichromis_nigripinnis	IF
BAJ60755.1	Paracyprichromis_nigripinnis	IF
BAJ60756.1	Paracyprichromis_nigripinnis	IF
BAJ60757.1	Paracyprichromis_nigripinnis	IF
BAJ60758.1	Paracyprichromis_nigripinnis	IF
BAJ60907.1	Paracyprichromis_nigripinnis	IF
BAD88497.1	Greenwoodochromis_bellcrossi	IF
BAJ60715.1	Cyprichromis_pavo	IF
BAJ60716.1	Cyprichromis_pavo	IF
BAJ60662.1	Cyprichromis_microlepidotus	IF
BAJ60663.1	Cyprichromis_microlepidotus	IF
BAJ60664.1	Cyprichromis_microlepidotus	IF
BAC02611.1	Cyphotilapia_frontosa	IF
BAD88500.1	Limnochromis_abeelei	IF
BAJ60638.1	Paracyprichromis_brieni	IF
BAJ60668.1	Paracyprichromis_brieni	IF
BAJ60669.1	Paracyprichromis_brieni	IF
BAJ60670.1	Paracyprichromis_brieni	IF
BAJ60671.1	Paracyprichromis_brieni	IF
BAJ60672.1	Paracyprichromis_brieni	IF
BAJ60673.1	Paracyprichromis_brieni	IF
BAJ60732.1	Paracyprichromis_brieni	IF
BAJ60738.1	Paracyprichromis_brieni	IF
BAJ60739.1	Paracyprichromis_brieni	IF
BAJ60743.1	Paracyprichromis_brieni	IF
BAJ60744.1	Paracyprichromis_brieni	IF
BAJ60745.1	Paracyprichromis_brieni	IF
BAJ60746.1	Paracyprichromis_brieni	IF
BAJ60747.1	Paracyprichromis_brieni	IF
BAJ60748.1	Paracyprichromis_brieni	IF
BAJ60749.1	Paracyprichromis_brieni	IF
BAJ60750.1	Paracyprichromis_brieni	IF
BAJ60751.1	Paracyprichromis_brieni	IF
BAJ60906.1	Paracyprichromis_brieni	IF
BAJ60722.1	Cyprichromis_zonatus	IF
BAJ60728.1	Cyprichromis_zonatus	IF
BAJ60729.1	Cyprichromis_zonatus	IF
BAJ60725.1	Cyprichromis_zonatus	IF
BAJ60726.1	Cyprichromis_zonatus	IF
BAJ60730.1	Cyprichromis_zonatus	IF
BAJ60639.1	Cyprichromis_zonatus	IF
BAJ60640.1	Cyprichromis_zonatus	IF
BAJ60642.1	Cyprichromis_coloratus	IF
BAJ60644.1	Cyprichromis_coloratus	IF
BAJ60648.1	Cyprichromis_coloratus	IF
BAJ60649.1	Cyprichromis_coloratus	IF
BAJ60652.1	Cyprichromis_coloratus	IF
BAJ60653.1	Cyprichromis_coloratus	IF
BAJ60655.1	Cyprichromis_coloratus	IF
BAJ60656.1	Cyprichromis_coloratus	IF
BAJ60657.1	Cyprichromis_coloratus	IF
BAJ60658.1	Cyprichromis_coloratus	IF
BAJ60674.1	Cyprichromis_coloratus	IF
BAJ60675.1	Cyprichromis_coloratus	IF
BAJ60685.1	Cyprichromis_zonatus	IF
BAJ60686.1	Cyprichromis_coloratus	IF
BAJ60687.1	Cyprichromis_coloratus	IF
BAJ60690.1	Cyprichromis_coloratus	IF
BAJ60691.1	Cyprichromis_coloratus	IF
BAJ60692.1	Cyprichromis_coloratus	IF
BAJ60693.1	Cyprichromis_coloratus	IF
BAJ60694.1	Cyprichromis_coloratus	IF
BAJ60698.1	Cyprichromis_coloratus	IF
BAJ60699.1	Cyprichromis_coloratus	IF
BAJ60712.1	Cyprichromis_pavo	IF
BAJ60713.1	Cyprichromis_pavo	IF
BAJ60714.1	Cyprichromis_pavo	IF
BAJ60717.1	Cyprichromis_pavo	IF
BAJ60719.1	Cyprichromis_pavo	IF
BAJ60720.1	Cyprichromis_pavo	IF
BAJ60721.1	Cyprichromis_pavo	IF
BAJ60727.1	Cyprichromis_zonatus	IF
BAJ60904.1	Cyprichromis_pavo	IF
BAJ84172.1	Cyprichromis_coloratus	IF
BAJ60724.1	Cyprichromis_zonatus	IF
ACI00523.1	Lates_niloticus	IF
AHA33561.1	Centropomus_undecimalis	IF
AFJ44208.1	Acanthopagrus_berda	IF
ADA68238.1	Melanotaenia_australis	IF
AAP57198.1	Lucania_goodei	IF
AQZ42169.1	Xiphophorus_hellerii	IF
AQZ42178.1	Micropoecilia_bifurca	IF
AQZ42172.1	Poecilia_reticulata	IF
AQZ42170.1	Poecilia_wingei	IF
NP_001299581.1	Poecilia_reticulata	IF
BAU59424.1	Poecilia_reticulata	IF
AQZ42174.1	Poecilia_petenensis	IF
AQZ42173.1	Micropoecilia_picta	IF
AQZ42175.1	Poecilia_parae	IF
AQZ42183.1	Heterandria_formosa	IF
AQZ42176.1	Poecilia_mexicana	IF
AQZ42171.1	Poecilia_velifera	IF
AQZ42177.1	Poecilia_latipinna	IF
AQZ42179.1	Pamphorichthys_minor	IF
AQZ42180.1	Limia_vittata	IF
AQZ42181.1	Limia_nigrofasciata	IF
AQZ42182.1	Poecilia_caymanensis	IF
ACI00506.1	Datnioides_polota	IF
ARO36829.1	Pentapodus_trivittatus	IF
AHA62035.1	Percalates_colonorum	IF
ASM81006.1	Gymnogeophagus_balzanii	IF
ASM81010.1	Mikrogeophagus_altispinosus	IF
ASM81011.1	Mikrogeophagus_ramirezi	IF
ASM80967.1	Retroculus_sp._FEH-2017	IF
ASM80968.1	Retroculus_xinguensis	IF
ASM81002.1	Geophagus_steindachneri	IF
ASM81044.1	Nandopsis_haitiensis	IF
ASM80962.1	Herichthys_cyanoguttatus	IF
ASM81035.1	Herichthys_bartoni	IF
ASM81024.1	Caquetaia_kraussii	IF
ASM80986.1	Tahuantinsuyoa_macantzatza	IF
ASM80970.1	Acaronia_vultuosa	IF
ASM80974.1	Andinoacara_rivulatus	IF
ASM80975.1	Bujurquina_apoparuana	IF
ASM80976.1	Bujurquina_hophrys	IF
AKS10576.1	Parachromis_dovii	IF
ASM81046.1	Parachromis_dovii	IF
ASM80981.1	Laetacara_dorsigera	IF
ASM80980.1	Krobia_xinguensis	IF
ASM81027.1	Cichlasoma_grammodes	IF
APU53741.1	Astronotus_ocellatus	IF
APU53742.1	Astronotus_ocellatus	IF
ASM81021.1	Rocio_octofasciata	IF
ASM80973.1	Aequidens_tetramerus	IF
ASM80977.1	Cichlasoma_orinocense	IF
ASM81023.1	Cichlasoma_dimerus	IF
ASM80979.1	Krobia_petitella	IF
ASM81020.1	Amphilophus_macracanthus	IF
ASM80982.1	Laetacara_thayeri	IF
ASM81033.1	Amatitlania_myrnae	IF
ASM81026.1	Mesoheros_gephyrus	IF
ASM81036.1	Heroina_isonycterina	IF
ASM81058.1	Tomocichla_tuba	IF
ASM81029.1	Trichromis_salvini	IF
ASM81017.1	Amatitlania_siquia	IF
ASM81034.1	Amatitlania_sajica	IF
ASM81042.1	Mesonauta_egregius	IF
ASM81047.1	Vieja_maculicauda	IF
ASM81025.1	Kronoheros_umbrifer	IF
ASM81038.1	Archocentrus_multispinosus	IF
ASM81055.1	Wajpamheros_nourissati	IF
ASM81054.1	Theraps_irregularis	IF
ASM81056.1	Thorichthys_helleri	IF
ASM81057.1	Thorichthys_meeki	IF
ASM81045.1	Nandopsis_tetracanthus	IF
ASM81032.1	Australoheros_facetus	IF
APU53739.1	Pterophyllum_scalare	IF
APU53740.1	Pterophyllum_scalare	IF
ASM81050.1	Pterophyllum_altum	IF
ASM81051.1	Pterophyllum_leopoldi	IF
ASM81052.1	Pterophyllum_scalare	IF
AKS10565.1	Amphilophus_citrinellus	IF
AKS10566.1	Amphilophus_labiatus	IF
AKS10567.1	Amphilophus_zaliosus	IF
AKS10568.1	Amphilophus_astorquii	IF
AKS10569.1	Amphilophus_xiloaensis	IF
AKS10570.1	Amphilophus_sagittae	IF
ASM81018.1	Amphilophus_citrinellus	IF
AKS10563.1	Hypsophrys_nicaraguensis	IF
ASM81041.1	Hypsophrys_unimaculatus	IF
AKS10564.1	Hypsophrys_nematopus	IF
AKS10573.1	Cribroheros_longimanus	IF
AKS10574.1	Cribroheros_rostratus	IF
AKS10577.1	Amatitlania_siquia	IF
ASM81022.1	Australoheros_scitulus	IF
ASM81049.1	Petenia_splendida	IF
ASM81048.1	Vieja_melanura	IF
ASM81030.1	Cichlasoma_trimaculatum	IF
AKS10571.1	Archocentrus_centrarchus	IF
AKS10572.1	Archocentrus_centrarchus	IF
ASM81019.1	Archocentrus_centrarchus	IF
ASM81028.1	Amphilophus_lyonsi	IF
ASM80971.1	Aequidens_michaeli	IF
ASM80969.1	Acaronia_nassa	IF
ASM80961.1	Biotoecus_dicentrarchus	IF
ASM80972.1	Aequidens_diadema	IF
AKS10575.1	Parachromis_managuensis	IF
ASM81031.1	Chortiheros_wesseli	IF
ASM80978.1	Cleithracara_maronii	IF
ASM80960.1	Astronotus_sp._FEH-2017	IF
ASM80984.1	Ivanacara_bimaculata	IF
ASM80983.1	Nannacara_anomala	IF
ASM80985.1	Nannacara_taenia	IF
ASM80965.1	Cichla_intermedia	IF
ASM80966.1	Cichla_temensis	IF
ASM81039.1	Hoplarchus_psittacus	IF
ASM81040.1	Hypselecara_coryphaenoides	IF
ASM81037.1	Heros_sp._common_FEH-2017	IF
APU53743.1	Symphysodon_discus	IF
APU53744.1	Symphysodon_discus	IF
ASM81053.1	Symphysodon_discus	IF
ASM81059.1	Uaru_amphiacanthoides	IF
ASM81060.1	Uaru_fernandezyepezi	IF
ASM80993.1	Crenicichla_geayi	IF
AFP97566.1	Crenicichla_frenata	IF
ASM80995.1	Crenicichla_lugubris	IF
ASM80998.1	Crenicichla_zebrina	IF
ASM80997.1	Crenicichla_wallacii	IF
ASM80994.1	Crenicichla_hadrostigma	IF
ASM80996.1	Crenicichla_minuano	IF
ASM81015.1	Teleocichla_centrarchus	IF
ASM81016.1	Teleocichla_preta	IF
ASM81012.1	Satanoperca_daemon	IF
ASM81013.1	Satanoperca_jurupari	IF
ASM80987.1	Acarichthys_heckelii	IF
ASM80989.1	Apistogramma_panduro	IF
ASM80990.1	Apistogramma_steindachneri	IF
ASM81014.1	Taeniacara_candidi	IF
ASM80991.1	Biotodoma_cupido	IF
ASM80999.1	Dicrossus_maculatus	IF
ASM80963.1	Chaetobranchopsis_orbiculari	IF
ASM80964.1	Chaetobranchus_flavescens	IF
ASM81007.1	Gymnogeophagus_setequedas	IF
ASM81000.1	Geophagus_abalios	IF
ASM81001.1	Geophagus_harreri	IF
AFK84130.1	Arapaima_gigas	IF
APD29502.1	Scleropages_jardinii	IF
AFK84139.1	Chanos_chanos	IF
ACV41918.1	Triplophysa_gundriseri	IF
ACV41911.1	Canthophrys_gongota	IF
ACV41916.1	Oreonectes_platycephalus	IF
ACV41915.1	Ellopostoma_mystax	IF
ACV41919.1	Tuberoschistura_baenzigeri	IF
ACV41913.1	Acanthocobitis_sp._WJC-2009	IF
ACV41917.1	Schistura_savona	IF
ACR46486.1	Danionella_mirifica	IF
ACR46489.1	Horadandia_atukorali	IF
ACR46493.1	Psilorhynchus_homaloptera	IF
ACR46494.1	Psilorhynchus_sucatio	IF
ACV41912.1	Gyrinocheilus_pennocki	IF
NP_571159.1	Danio_rerio	IF
BAC21668.1	Danio_rerio	IF
AAH45288.1	Danio_rerio	IF
AAI64171.1	Danio_rerio	IF
AAH63938.1	Danio_rerio	IF
ADK38856.1	Danio_rerio	IF
ADP06868.1	Danio_roseus	IF
ADP06869.1	Danio_albolineatus	IF
ADC35609.1	Microrasbora_erythromicron	IF
ADC35610.1	Danio_margaritatus	IF
ADC35615.1	Sundadanio_axelrodi	IF
ACF22667.1	Gymnocypris_eckloni	IF
ACF22669.1	Schizothorax_waltoni	IF
ADC35613.1	Paedocypris_sp._1_WJC-2010	IF
ADC35614.1	Paedocypris_sp._2_WJC-2010	IF
ACF22670.1	Hampala_macrolepidota	IF
ACR46484.1	Enteromius_callipterus	IF
ACR46495.1	Puntius_titteya	IF
AGS48101.1	Osteobrama_cotio	IF
AGS48102.1	Osteobrama_cunma	IF
ACR46496.1	Rasbora_bankanensis	IF
ACR46499.1	Trigonostigma_heteromorpha	IF
ACR46481.1	Acrossocheilus_paradoxus	IF
ACR46483.1	Barbonymus_gonionotus	IF
ACF22668.1	Spinibarbus_hollandi	IF
ADP06870.1	Epalzeorhynchos_bicolor	IF
ACF22654.1	Sinocyclocheilus_yimenensis	IF
ACF22663.1	Sinocyclocheilus_qiubeinsis	IF
ACF22655.1	Sinocyclocheilus_yimenensis	IF
ACF22650.1	Sinocyclocheilus_grahami	IF
ACF22649.1	Sinocyclocheilus_grahami	IF
ACF22662.1	Sinocyclocheilus_qiubeinsis	IF
ACF22658.1	Sinocyclocheilus_purpureus	IF
ACF22659.1	Sinocyclocheilus_purpureus	IF
ACF22656.1	Sinocyclocheilus_rhinocerous	IF
ACF22645.1	Sinocyclocheilus_jii	IF
ACF22640.1	Sinocyclocheilus_furcodorsal	IF
ACF22666.1	Sinocyclocheilus_jiuxuensis	IF
ACF22660.1	Sinocyclocheilus_maculatus	IF
ACF22651.1	Sinocyclocheilus_tingi	IF
ACF22644.1	Sinocyclocheilus_macrolepis	IF
ACF22643.1	Sinocyclocheilus_macrolepis	IF
ACF22661.1	Sinocyclocheilus_maculatus	IF
ACF22657.1	Sinocyclocheilus_rhinocerous	IF
ACF22653.1	Sinocyclocheilus_yangzongens	IF
ACF22652.1	Sinocyclocheilus_tingi	IF
ACF22648.1	Sinocyclocheilus_macrophthal	IF
ACF22647.1	Sinocyclocheilus_macrophthal	IF
ACF22646.1	Sinocyclocheilus_jii	IF
ACF22642.1	Sinocyclocheilus_microphthal	IF
ACF22639.1	Sinocyclocheilus_xunlensis	IF
ACF22664.1	Sinocyclocheilus_anophthalmu	IF
ACF22665.1	Sinocyclocheilus_anophthalmu	IF
ACF22641.1	Sinocyclocheilus_microphthal	IF
AFK84152.1	Raiamas_buchholzi	IF
ACR46482.1	Cabdio_morar	IF
ACR46485.1	Barilius_bendelisis	IF
APD29506.1	Barilius_sp._JM-2016	IF
ACR46490.1	Leptobarbus_hoevenii	IF
ACR46488.1	Esomus_longimanus	IF
ADC35608.1	Laubuca_dadiburjori	IF
ACR46487.1	Devario_regina	IF
ADC35612.1	Microrasbora_rubescens	IF
ACR46492.1	Microdevario_kubotai	IF
ADC35611.1	Microdevario_nana	IF
APD29505.1	Sewellia_lineolata	IF
ACV41908.1	Syncrossus_beauforti	IF
ACV41910.1	Acantopsis_sp._WJC-2009	IF
ACR46491.1	Luciosoma_setigerum	IF
ACV41909.1	Yasuhikotakia_morleti	IF
AEW67067.1	Bassozetus_compressus	IF
AEW44022.1	Coryphaenoides_carapinus	IF
AEW44020.1	Coryphaenoides_leptolepis	IF
AEW67064.1	Coryphaenoides_guentheri	IF
AYW12024.1	Facciolella_equatorialis	IF
AYW12026.1	Apterichtus_klazingai	IF
ACI00510.1	Enchelyopus_cimbrius	IF
ACI00546.1	Phycis_phycis	IF
AHA33550.1	Chlorophthalmus_acutifrons	IF
AFK84159.1	Synodus_foetens	IF
AHJ08687.1	Monocentris_japonicus	IF
AEW44028.1	Alepocephalus_agassizii	IF
ACI00516.1	Grammicolepis_brachiusculus	IF
AFK84163.1	Polymixia_japonica	IF
AHA33555.1	Polymixia_lowei	IF
ASM81043.1	Mesonauta_insignis	IF
AHA33559.1	Myripristis_murdjan	IF
ACI00499.1	Cataetyx_laticeps	IF
AEW67066.1	Cataetyx_laticeps	IF
ACI00521.1	Lamprogrammus_shcherbachevi	IF
AFK84165.1	Neobythites_sivicola	IF
ACI00531.1	Sciaenidae_sp._BL-2008	IF
AFM43791.1	Parablennius_zvonimiri	IF
ACI00490.1	Aphanopus_carbo	IF
ACI00538.1	Neopagetopsis_ionah	IF
ACI00542.1	Pagetopsis_macropterus	IF
BAP75614.1	Procottus_jettelesii	IF
AFM43763.1	Parablennius_gattorugine	IF
AMB42865.1	Choerodon_fasciatus	IF
AEP40396.1	Poecilia_reticulata	IF
AFM43795.1	Scartella_caboverdiana	IF
ADE75520.1	Knipowitschia_milleri	IF
ACR10601.1	Pomatoschistus_minutus	IF
ACR10602.1	Pomatoschistus_minutus	IF
ACR10604.1	Pomatoschistus_minutus	IF
ACR10605.1	Pomatoschistus_minutus	IF
ACR10606.1	Pomatoschistus_minutus	IF
ACR10615.1	Pomatoschistus_minutus	IF
ACR10616.1	Pomatoschistus_minutus	IF
ACR10617.1	Pomatoschistus_minutus	IF
ACR10623.1	Pomatoschistus_minutus	IF
ACR10624.1	Pomatoschistus_minutus	IF
ADE75528.1	Pomatoschistus_lozanoi	IF
ADE75529.1	Pomatoschistus_lozanoi	IF
ACR10619.1	Pomatoschistus_minutus	IF
ACR10592.1	Pomatoschistus_minutus	IF
ACR10612.1	Pomatoschistus_minutus	IF
ACR10614.1	Pomatoschistus_minutus	IF
ACR10599.1	Pomatoschistus_minutus	IF
ADE75536.1	Pomatoschistus_pictus	IF
ADE75516.1	Gobiusculus_flavescens	IF
ADE75517.1	Gobiusculus_flavescens	IF
ADU76026.1	Microlipophrys_velifer	IF
AFM43764.1	Parablennius_gattorugine	IF
ACI00545.1	Photoblepharon_palpebratum	IF
ACI00575.1	Zeus_faber	IF
ACI00553.1	Pterycombus_brama	IF
ACI00573.1	Zanclorhynchus_spinifer	IF
ACI00514.1	Gasterosteus_aculeatus	IF
AHL25279.1	Gasterosteus_aculeatus	IF
ACI00488.1	Anarhichas_lupus	IF
AHA62020.1	Nandus_nebulosus	IF
AHA62021.1	Channa_maculata	IF
AGC70788.1	Gymnogeophagus_setequedas	IF
AGC70789.1	Geophagus_abalios	IF
ASM81003.1	Geophagus_taeniopareius	IF
AGC70790.1	Geophagus_dicrozoster	IF
AGC70791.1	Geophagus_harreri	IF
AGC70784.1	Biotodoma_wavrini	IF
AGC70782.1	Dicrossus_filamentosus	IF
AGC70783.1	Biotodoma_cupido	IF
AGC70764.1	Biotoecus_dicentrarchus	IF
AGC70774.1	Taeniacara_candidi	IF
AGC70775.1	Apistogramma_agassizii	IF
AGC70776.1	Apistogramma_hoignei	IF
AGC70778.1	Satanoperca_leucosticta	IF
AGC70765.1	Chaetobranchus_flavescens	IF
AGC70777.1	Satanoperca_daemon	IF
AGC70779.1	Satanoperca_mapiritensis	IF
AGC70780.1	Satanoperca_jurupari	IF
AGC70785.1	Mikrogeophagus_ramirezi	IF
AGC70786.1	Geophagus_brasiliensis	IF
AGC70787.1	Geophagus_steindachneri	IF
AGC70771.1	Crenicichla_geayi	IF
AGC70770.1	Crenicichla_aff._'Orinoco_lu	IF
AGC70772.1	Teleocichla_sp._SPR-2013	IF
AGC70773.1	Crenicichla_aff._'Orinoco_wa	IF
AEL89388.1	Poecilia_reticulata	IF
AHA33562.1	Morone_saxatilis	IF
AHA62043.1	Coreoperca_whiteheadi	IF
AFK84167.1	Etheostoma_rufilineatum	IF
AHA62038.1	Percichthys_trucha	IF
APQ47603.1	Alabes_scotti	IF
AGS78656.1	Samaris_cristatus	IF
ARO36778.1	Nemipterus_japonicus	IF
ARO36790.1	Nemipterus_nematopus	IF
AHA33557.1	Opsanus_tau	IF
AQQ74172.1	Lipogramma_sp._2_LT-2017	IF
AGS78648.1	Symphurus_orientalis	IF
AGS78647.1	Paraplagusia_japonica	IF
AGS78646.1	Lepidoblepharon_ophthalmolep	IF
AGS78654.1	Poecilopsetta_beanii	IF
AGS78655.1	Poecilopsetta_plinthus	IF
AGS78644.1	Citharoides_macrolepis	IF
AGS78645.1	Citharus_linguatula	IF
ABC75597.1	Acanthopagrus_butcheri	IF
ACI00571.1	Xiphias_gladius	IF
ACI00492.1	Ostorhinchus_quadrifasciatus	IF
ACI00560.1	Sillago_sihama	IF
ACI00561.1	Solea_solea	IF
ACI00522.1	Lates_calcarifer	IF
ACI00543.1	Pelates_quadrilineatus	IF
ACI00507.1	Echiichthys_vipera	IF
ACI00565.1	Trachurus_trachurus	IF
ACI00512.1	Favonigobius_reichei	IF
ACI00569.1	Valenciennea_strigata	IF
ADU76013.1	Parablennius_sanguinolentus	IF
AFM43786.1	Parablennius_sanguinolentus	IF
ADU76015.1	Microlipophrys_adriaticus	IF
ADU76020.1	Microlipophrys_dalmatinus	IF
ADU76022.1	Microlipophrys_dalmatinus	IF
ADU76021.1	Microlipophrys_dalmatinus	IF
ADU76014.1	Coryphoblennius_galerita	IF
ADU76040.1	Microlipophrys_caboverdensis	IF
ADU76041.1	Microlipophrys_caboverdensis	IF
ADU76035.1	Microlipophrys_caboverdensis	IF
ADU76030.1	Microlipophrys_caboverdensis	IF
ADU76031.1	Microlipophrys_caboverdensis	IF
ADU76017.1	Microlipophrys_bauchotae	IF
ADU76032.1	Microlipophrys_caboverdensis	IF
ADU76028.1	Microlipophrys_caboverdensis	IF
ADU76029.1	Microlipophrys_caboverdensis	IF
ADU76033.1	Microlipophrys_caboverdensis	IF
ADU76036.1	Microlipophrys_caboverdensis	IF
ADU76037.1	Microlipophrys_caboverdensis	IF
ADU76038.1	Microlipophrys_caboverdensis	IF
ADU76039.1	Microlipophrys_caboverdensis	IF
ADU76034.1	Microlipophrys_caboverdensis	IF
ADU76018.1	Microlipophrys_bauchotae	IF
ADU76019.1	Microlipophrys_canevae	IF
ADU76024.1	Microlipophrys_velifer	IF
ADU76025.1	Microlipophrys_velifer	IF
ACI00558.1	Selene_dorsalis	IF
ACI00495.1	Aspasma_minima	IF
AFM43792.1	Salaria_fluviatilis	IF
AFM43794.1	Scartella_cristata	IF
AFM43796.1	Scartella_emarginata	IF
AFM43773.1	Parablennius_pilicornis	IF
AFM43771.1	Parablennius_pilicornis	IF
AFM43768.1	Parablennius_pilicornis	IF
AFM43774.1	Parablennius_pilicornis	IF
AFM43772.1	Parablennius_pilicornis	IF
AFM43770.1	Parablennius_pilicornis	IF
AFM43767.1	Parablennius_pilicornis	IF
AFM43769.1	Parablennius_pilicornis	IF
AFM43761.1	Parablennius_cornutus	IF
AFM43783.1	Parablennius_rouxi	IF
AFM43790.1	Parablennius_yatabei	IF
AFM43766.1	Parablennius_incognitus	IF
AFM43787.1	Parablennius_tasmanianus	IF
AFM43759.1	Hypleurochilus_fissicornis	IF
AFM43781.1	Parablennius_pilicornis	IF
AFM43760.1	Hypleurochilus_sp._AL-2012	IF
AFM43788.1	Parablennius_tentacularis	IF
AFM43778.1	Parablennius_pilicornis	IF
AFM43776.1	Parablennius_pilicornis	IF
AFM43775.1	Parablennius_pilicornis	IF
AFM43780.1	Parablennius_pilicornis	IF
AFM43782.1	Parablennius_pilicornis	IF
AFM43777.1	Parablennius_pilicornis	IF
AFM43779.1	Parablennius_pilicornis	IF
AHA62025.1	Paralabrax_clathratus	IF
AGS78630.1	Trachurus_trachurus	IF
ACI00548.1	Pontinus_longispinis	IF
ABF22678.1	Sebastolobus_altivelis	IF
ABO26250.1	Sebastes_alutus	IF
ABO26258.1	Sebastes_ciliatus	IF
ABO26266.1	Sebastes_melanops	IF
ABO26280.1	Sebastes_serranoides	IF
ABO26267.1	Sebastes_melanostomus	IF
ABO26252.1	Sebastes_aurora	IF
ABO26260.1	Sebastes_diploproa	IF
ABO26263.1	Sebastes_flavidus	IF
ABO26251.1	Sebastes_auriculatus	IF
ABO26254.1	Sebastes_carnatus	IF
ABO26255.1	Sebastes_caurinus	IF
ABO26257.1	Sebastes_chrysomelas	IF
ABO26270.1	Sebastes_nebulosus	IF
ABO26268.1	Sebastes_miniatus	IF
ABO26265.1	Sebastes_maliger	IF
ABO26277.1	Sebastes_ruberrimus	IF
ABO26274.1	Sebastes_pinniger	IF
ABO26273.1	Sebastes_paucispinis	IF
ABO26269.1	Sebastes_mystinus	IF
ABO26262.1	Sebastes_entomelas	IF
ABO26256.1	Sebastes_chlorostictus	IF
ABO26253.1	Sebastes_brevispinis	IF
ABO26259.1	Sebastes_constellatus	IF
ABO26264.1	Sebastes_hopkinsi	IF
ABO26271.1	Sebastes_nigrocinctus	IF
ABO26272.1	Sebastes_ovalis	IF
ABO26275.1	Sebastes_proriger	IF
ABO26276.1	Sebastes_rosaceus	IF
ABO26278.1	Sebastes_rubrivinctus	IF
ABO26279.1	Sebastes_semicinctus	IF
ABO26281.1	Sebastes_umbrosus	IF
ABO26261.1	Sebastes_elongatus	IF
ADE75513.1	Economidichthys_pygmaeus	IF
ADE75514.1	Economidichthys_pygmaeus	IF
ADE75515.1	Gobiusculus_flavescens	IF
ADE75518.1	Gobiusculus_flavescens	IF
ADE75519.1	Gobiusculus_flavescens	IF
ACI00517.1	Himantolophus_groenlandicus	IF
ACI00504.1	Cubiceps_gracilis	IF
AFM43793.1	Salaria_pavo	IF
AHA33564.1	Paralichthys_olivaceus	IF
AFM43758.1	Hypleurochilus_aequipinnis	IF
AFM43789.1	Parablennius_tentacularis	IF
AFM43762.1	Parablennius_cornutus	IF
AFM43765.1	Parablennius_intermedius	IF
ACI00486.1	Niphon_spinosus	IF
BAU70597.1	Epinephelus_bruneus	IF
ACI00526.1	Lutjanus_sebae	IF
ACI00552.1	Pterocaesio_digramma	IF
AMB42872.1	Labroides_dimidiatus	IF
AMB42866.1	Coris_gaimard	IF
AMB42869.1	Halichoeres_chrysus	IF
AMB42870.1	Gomphosus_varius	IF
AMB42874.1	Thalassoma_lunare	IF
AMB42871.1	Halichoeres_ornatissimus	IF
AMB42873.1	Halichoeres_chloropterus	IF
AMB42867.1	Chlorurus_sordidus	IF
AMB42864.1	Epibulus_insidiator	IF
AMB42868.1	Bodianus_mesothorax	IF
CAA72033.1	Gambusia_affinis	IF
ACI00557.1	Scophthalmus_rhombus	IF
ACI00574.1	Zeugopterus_punctatus	IF
ACI00551.1	Ptereleotris_zebra	IF
ACI00529.1	Menidia_menidia	IF
ACI00502.1	Cheilopogon_heterurus	IF
ACR50957.1	Anableps_anableps	IF
ANA75361.1	Paralichthys_dentatus	IF
BAW35583.1	Paralichthys_olivaceus	IF
ACI00567.1	Trinectes_maculatus	IF
ACI00544.1	Periophthalmus_barbarus	IF
ACI00564.1	Toxotes_sp._BL-2008	IF
BAD99136.1	Oryzias_latipes	IF
AEO00742.1	Chromis_viridis	IF
ANJ21413.1	Dascyllus_aruanus	IF
ACI00534.1	Mullus_surmuletus	IF
ACI00532.1	Monodactylus_sp._BL-2008	IF
ACI00491.1	Aplodactylus_punctatus	IF
ACI00503.1	Coryphaena_equiselis	IF
ACI00483.1	Aeoliscus_strigatus	IF
ACI00537.1	Nemadactylus_monodactylus	IF
ACI00530.1	Microcanthus_strigatus	IF
ACI00524.1	Aurigequula_fasciata	IF
ACI00496.1	Assessor_flavissimus	IF
ACI00562.1	Sphaeramia_nematoptera	IF
ACI00559.1	Siganus_vulpinus	IF
ACI00554.1	Selenotoca_multifasciata	IF
ACI00541.1	Pinguipes_chilensis	IF
AOL02368.1	Chromis_nitida	IF
ACI00563.1	Synanceia_verrucosa	IF
ANJ21419.1	Chrysiptera_rollandi	IF
ACI00547.1	Pomacanthus_maculosus	IF
AOL02376.1	Pomacentrus_pavo	IF
ACI00515.1	Gnathanodon_speciosus	IF
AOL02373.1	Neoglyphidodon_nigroris	IF
ANJ21389.1	Pomacentrus_nagasakiensis	IF
AOL02374.1	Pomacentrus_adelus	IF
AOL02369.1	Dischistodus_perspicillatus	IF
AOL02363.1	Acanthochromis_polyacanthus	IF
AOL02371.1	Neopomacentrus_azysron	IF
AOL02372.1	Neopomacentrus_cyanomos	IF
ANJ21401.1	Pomacentrus_coelestis	IF
AEO00745.1	Neopomacentrus_bankieri	IF
AEO00748.1	Pomacentrus_amboinensis	IF
AOL02377.1	Pomacentrus_wardi	IF
AOL02367.1	Chrysiptera_cyanea	IF
AOL02364.1	Amblyglyphidodon_curacao	IF
AOL02365.1	Amblyglyphidodon_leucogaster	IF
ANJ21395.1	Pomacentrus_moluccensis	IF
AOL02366.1	Chrysiptera_brownriggii	IF
AEO00740.1	Abudefduf_sexfasciatus	IF
AEO00743.1	Chrysiptera_rex	IF
AOL02375.1	Pomacentrus_chrysurus	IF
AGS78649.1	Pseudorhombus_oligodon	IF
BAW35581.1	Verasper_variegatus	IF
AGS78657.1	Samariscus_latus	IF
AGS78643.1	Brachypleura_novaezeelandiae	IF
AQQ74159.1	Lipogramma_trilineata	IF
AQQ74174.1	Lipogramma_trilineata	IF
AQQ74164.1	Lipogramma_klayi	IF
AQQ74160.1	Lipogramma_klayi	IF
AQQ74162.1	Lipogramma_klayi	IF
AQQ74171.1	Lipogramma_sp._2_LT-2017	IF
AQQ74173.1	Lipogramma_sp._2_LT-2017	IF
ACI00500.1	Cepola_macrophthalma	IF
AHA62022.1	Symphysanodon_katayamai	IF
ACI00511.1	Epigonus_telescopus	IF
AHA62023.1	Acropoma_japonicum	IF
ADU76016.1	Microlipophrys_bauchotae	IF
ADU76023.1	Lipophrys_trigloides	IF
ADU76027.1	Lipophrys_pholis	IF
APQ47602.1	Labrisomus_nuchipinnis	IF
APQ47604.1	Lepadichthys_lineatus	IF
APQ47606.1	Gobiesox_strumosus	IF
APQ47607.1	Acyrtops_beryllinus	IF
AHA62019.1	Liza_aurata	IF
AGS78659.1	Pegusa_lascaris	IF
AHA33569.1	Diodon_holocanthus	IF
AHA33563.1	Psettodes_erumei	IF
AGS78638.1	Sphyraena_argentea	IF
AGS78631.1	Coryphaena_hippurus	IF
AGS78637.1	Rachycentron_canadum	IF
AMB42863.1	Cirrhilabrus_punctatus	IF
AHA33567.1	Labrus_bergylta	IF
AGS78658.1	Scophthalmus_rhombus	IF
AHA62033.1	Cheilodactylus_zonatus	IF
AHA62034.1	Cheilodactylus_quadricornis	IF
ARO36838.1	Scolopsis_ciliata	IF
ARO36839.1	Scolopsis_ciliata	IF
ARO36840.1	Scolopsis_ciliata	IF
ARO36841.1	Scolopsis_lineata	IF
ARO36842.1	Scolopsis_lineata	IF
ARO36843.1	Scolopsis_margaritifera	IF
AHA62032.1	Cirrhitichthys_falco	IF
AHA62030.1	Terapon_jarbua	IF
AHA62027.1	Microcanthus_strigatus	IF
AHA33572.1	Girella_punctata	IF
AHA62028.1	Oplegnathus_punctatus	IF
ACI00533.1	Morone_saxatilis	IF
AHA62042.1	Siniperca_chuatsi	IF
AFK84166.1	Melanotaenia_lacustris	IF
ACI00519.1	Indostomus_paradoxus	IF
AGS78650.1	Xystreurys_liolepis	IF
AGS78652.1	Hippoglossus_stenolepis	IF
AGS78635.1	Eleutheronema_rhadinum	IF
AHA62039.1	Percilia_irwini	IF
AHA62037.1	Maccullochella_peelii	IF
AHA62036.1	Gadopsis_marmoratus	IF
AHA62040.1	Nannatherina_balstoni	IF
AHA62041.1	Nannoperca_australis	IF
APQ47605.1	Arcos_sp._WJC5006	IF
AQQ74166.1	Lipogramma_levinsoni	IF
AGC70762.1	Retroculus_xinguensis	IF
AHA62026.1	Medialuna_californiensis	IF
AHA62031.1	Leiopotherapon_unicolor	IF
AGS78636.1	Polydactylus_sextarius	IF
ARO36763.1	Nemipterus_bathybius	IF
ARO36759.1	Nemipterus_bathybius	IF
ARO36761.1	Nemipterus_bathybius	IF
ARO36762.1	Nemipterus_bathybius	IF
ARO36758.1	Nemipterus_balinensis	IF
ARO36760.1	Nemipterus_bathybius	IF
ARO36784.1	Nemipterus_marginatus	IF
ARO36785.1	Nemipterus_marginatus	IF
ARO36773.1	Nemipterus_hexodon	IF
ARO36774.1	Nemipterus_hexodon	IF
ARO36775.1	Nemipterus_hexodon	IF
ARO36776.1	Nemipterus_hexodon	IF
ARO36783.1	Nemipterus_marginatus	IF
ARO36777.1	Nemipterus_hexodon	IF
ARO36766.1	Nemipterus_bipunctatus	IF
ARO36756.1	Nemipterus_aurora	IF
ARO36757.1	Nemipterus_aurora	IF
ARO36764.1	Nemipterus_bipunctatus	IF
ARO36765.1	Nemipterus_bipunctatus	IF
ARO36779.1	Nemipterus_japonicus	IF
ARO36782.1	Nemipterus_japonicus	IF
ARO36780.1	Nemipterus_japonicus	IF
ARO36781.1	Nemipterus_japonicus	IF
ARO36788.1	Nemipterus_nematophorus	IF
ARO36789.1	Nemipterus_nematophorus	IF
ARO36786.1	Nemipterus_nematophorus	IF
ARO36787.1	Nemipterus_nematophorus	IF
ARO36800.1	Nemipterus_thosaporni	IF
ARO36791.1	Nemipterus_nematopus	IF
ARO36792.1	Nemipterus_nematopus	IF
ARO36801.1	Nemipterus_virgatus	IF
ARO36802.1	Nemipterus_virgatus	IF
ARO36803.1	Nemipterus_virgatus	IF
ARO36804.1	Nemipterus_virgatus	IF
ACI00540.1	Ophiocara_porocephala	IF
AGS78639.1	Toxotes_jaculatrix	IF
ACI00498.1	Callionymus_schaapii	IF
ARO36820.1	Pentapodus_bifasciatus	IF
ARO36828.1	Pentapodus_trivittatus	IF
ARO36793.1	Nemipterus_nemurus	IF
ARO36794.1	Nemipterus_nemurus	IF
ARO36805.1	Nemipterus_zysron	IF
ARO36806.1	Nemipterus_zysron	IF
ARO36807.1	Nemipterus_zysron	IF
ARO36795.1	Nemipterus_peronii	IF
ARO36796.1	Nemipterus_peronii	IF
ARO36767.1	Nemipterus_furcosus	IF
ARO36768.1	Nemipterus_furcosus	IF
ARO36770.1	Nemipterus_furcosus	IF
ARO36769.1	Nemipterus_furcosus	IF
ARO36771.1	Nemipterus_furcosus	IF
ARO36772.1	Nemipterus_furcosus	IF
BalticSpring.1	Baltic_spring_Herring	TY
ANZ80577.1	Sternopygus_macrurus	TY
AFR58567.1	Hydrolycus_armatus	TY
AFR58566.1	Hoplias_malabaricus	TY
AFR58561.1	Brycinus_macrolepidotus	TY
AFR58565.1	Hepsetus_odoe	TY
AFR58562.1	Characidium_fasciatum	TY
AFR58574.1	Schizodon_cf._fasciatus_WJC4	TY
AFR58575.1	Semaprochilodus_insignis	TY
APD29500.1	Chitala_chitala	TY
AWU59273.1	Chitala_ornata	TY
AFK84142.1	Eigenmannia_virescens	TY
ANZ80582.1	Eigenmannia_virescens	TY
AFK84145.1	Ctenolucius_hujeta	TY
AWU46289.1	Astyanax_bimaculatus	TY
AWU46295.1	Liosomadoras_morrowi	TY
AWU46294.1	Heteropneustes_fossilis	TY
AWU46298.1	Rita_rita	TY
AWU46293.1	Helogenes_sp.	TY
AWU46300.1	Synodontis_membranacea	TY
APD29511.1	Pimelodus_blochii	TY
AFK84149.1	Ameiurus_nebulosus	TY
AFR58577.1	Trachelyopterus_sp._WJC615	TY
AFR58569.1	Leiarius_pictus	TY
AFR58571.1	Microglanis_iheringi	TY
AFK84150.1	Kryptopterus_minor	TY
AFR58568.1	Lacantunia_enigmatica	TY
AFK84147.1	Hypostomus_sp._WJC-2012	TY
APD29510.1	Pterygoplichthys_sp._JM-2016	TY
AFR58572.1	Parailia_pellucida	TY
AFK84144.1	Citharinus_sp._WJC-2012	TY
AFK84143.1	Distichodus_antonii	TY
AFK84146.1	Nannostomus_beckfordi	TY
AWU46288.1	Apteronotus_albifrons	TY
AWU46292.1	Gymnotus_carapo	TY
AFR58560.1	Brachyhypopomus_gauderio	TY
AFR58564.1	Gymnotus_cylindricus	TY
AFR58573.1	Rhamphichthys_marmoratus	TY
APD29509.1	Gymnotus_tigre	TY
AFK84141.1	Apteronotus_albifrons	TY
ANZ80584.1	Apteronotus_leptorhynchus	TY
AFR58576.1	Steatogenys_elegans	TY
AFK84134.1	Denticeps_clupeoides	TY
AWT62481.1	Gymnarchus_niloticus	IY
ACR46498.1	Tanichthys_albonubes	IY
AEJ07800.1	Belligobio_nummifer	IY
AEJ07801.1	Hemibarbus_cf._umbrifer_CTOL	IY
AGS48113.1	Mylopharyngodon_piceus	IY
AGS48106.1	Elopichthys_bambusa	IY
AGS48111.1	Hypophthalmichthys_molitrix	IY
AGS48105.1	Chanodichthys_flavipinnis	IY
AGS48112.1	Megalobrama_amblycephala	IY
AGS48115.1	Parabramis_pekinensis	IY
AGS48116.1	Paralaubuca_barroni	IY
AGS48117.1	Paralaubuca_riveroi	IY
AGS48118.1	Plagiognathops_microlepis	IY
AGS48120.1	Pseudolaubuca_engraulis	IY
AGS48110.1	Hemiculter_lucidus	IY
AGS48108.1	Hemiculter_bleekeri	IY
ATA63813.1	Hemiculter_bleekeri	IY
AGS48121.1	Sinibrama_macrops	IY
AGS48114.1	Opsariichthys_bidens	IY
ATA63815.1	Hemiculter_leucisculus	IY
ATA63836.1	Hemiculter_leucisculus	IY
ATA63843.1	Hemiculter_leucisculus	IY
AGS48109.1	Hemiculter_leucisculus	IY
AGS48104.1	Chanodichthys_erythropterus	IY
ATA63850.1	Hemiculter_leucisculus	IY
ATA63835.1	Hemiculter_leucisculus	IY
ATA63837.1	Hemiculter_leucisculus	IY
ATA63844.1	Hemiculter_leucisculus	IY
ATA63814.1	Hemiculter_leucisculus	IY
AGS48107.1	Hainania_serrata	IY
AGS48122.1	Toxabramis_houdemeri	IY
AGS48123.1	Toxabramis_sp._CTOL03412	IY
AGS48119.1	Pseudohemiculter_dispar	IY
ATA63833.1	Hemiculter_leucisculus	IY
ATA63845.1	Hemiculter_leucisculus	IY
ATA63848.1	Hemiculter_leucisculus	IY
ATA63851.1	Hemiculter_leucisculus	IY
ATA63854.1	Hemiculter_leucisculus	IY
ATA63858.1	Hemiculter_leucisculus	IY
ATA63859.1	Hemiculter_leucisculus	IY
ATA63847.1	Hemiculter_leucisculus	IY
ATA63852.1	Hemiculter_leucisculus	IY
ATA63816.1	Hemiculter_leucisculus	IY
ATA63818.1	Hemiculter_leucisculus	IY
ATA63820.1	Hemiculter_leucisculus	IY
ATA63822.1	Hemiculter_leucisculus	IY
ATA63824.1	Hemiculter_leucisculus	IY
ATA63825.1	Hemiculter_leucisculus	IY
ATA63827.1	Hemiculter_leucisculus	IY
ATA63828.1	Hemiculter_leucisculus	IY
ATA63829.1	Hemiculter_leucisculus	IY
ATA63832.1	Hemiculter_leucisculus	IY
ATA63839.1	Hemiculter_leucisculus	IY
ATA63841.1	Hemiculter_leucisculus	IY
ATA63860.1	Hemiculter_leucisculus	IY
ATA63861.1	Hemiculter_leucisculus	IY
ATA63862.1	Hemiculter_leucisculus	IY
ATA63863.1	Hemiculter_leucisculus	IY
ATA63867.1	Hemiculter_leucisculus	IY
ATA63817.1	Hemiculter_leucisculus	IY
ATA63821.1	Hemiculter_leucisculus	IY
ATA63823.1	Hemiculter_leucisculus	IY
ATA63826.1	Hemiculter_leucisculus	IY
ATA63830.1	Hemiculter_leucisculus	IY
ATA63831.1	Hemiculter_leucisculus	IY
ATA63834.1	Hemiculter_leucisculus	IY
ATA63838.1	Hemiculter_leucisculus	IY
ATA63840.1	Hemiculter_leucisculus	IY
ATA63842.1	Hemiculter_leucisculus	IY
ATA63853.1	Hemiculter_leucisculus	IY
ATA63856.1	Hemiculter_leucisculus	IY
ATA63865.1	Hemiculter_leucisculus	IY
ATA63866.1	Hemiculter_leucisculus	IY
ATA63864.1	Hemiculter_leucisculus	IY
ATA63857.1	Hemiculter_leucisculus	IY
ATA63819.1	Hemiculter_leucisculus	IY
ATA63846.1	Hemiculter_leucisculus	IY
ATA63849.1	Hemiculter_leucisculus	IY
ATA63855.1	Hemiculter_leucisculus	IY
AEJ07787.1	Hemibarbus_labeo	IY
AEJ07788.1	Hemibarbus_maculatus	IY
AEJ07784.1	Gobiobotia_pappenheimi	IY
AEJ07786.1	Gobio_cynocephalus	IY
AEJ07817.1	Romanogobio_tenuicorpus	IY
AEJ07819.1	Gobiobotia_meridionalis	IY
AEJ07792.1	Abbottina_rivularis	IY
AEJ07797.1	Platysmacheilus_sp._CTOL0321	IY
AEJ07785.1	Romanogobio_tanaiticus	IY
AEJ07790.1	Microphysogobio_amurensis	IY
AEJ07806.1	Microphysogobio_elongatus	IY
AEJ07809.1	Pseudogobio_guilinensis	IY
AEJ07810.1	Pseudogobio_esocinus	IY
AEJ07804.1	Microphysogobio_longidorsali	IY
AEJ07816.1	Gobio_coriparoides	IY
AEJ07805.1	Pseudogobio_vaillanti	IY
AEJ07807.1	Biwia_springeri	IY
AEJ07783.1	Squalidus_sp._CTOL03294	IY
AEJ07808.1	Coreoleuciscus_splendidus	IY
AEJ07791.1	Sarcocheilichthys_sinensis	IY
AEJ07798.1	Sarcocheilichthys_nigripinni	IY
AEJ07799.1	Sarcocheilichthys_soldatovi	IY
AEJ07795.1	Rhinogobio_typus	IY
AEJ07802.1	Gnathopogon_strigatus	IY
AEJ07803.1	Gnathopogon_herzensteini	IY
AEJ07789.1	Saurogobio_dabryi	IY
ACR46497.1	Squalidus_chankaensis	IY
AEJ07793.1	Hemibarbus_mylodon	IY
AEJ07794.1	Squalidus_gracilis	IY
AEJ07796.1	Saurogobio_cf._immaculatus_C	IY
AEJ07814.1	Squalidus_wolterstorffi	IY
AEJ07811.1	Squalidus_japonicus	IY
AEJ07812.1	Squalidus_argentatus	IY
AEJ07813.1	Squalidus_wolterstorffi	IY
AGT59690.1	Malacosteus_niger	IY
AGT59702.1	Malacosteus_niger	IY
AYW11999.1	Serrivomer_lanceolatoides	IY
AWU46290.1	Cetopsis_sp.	IY
AWU46299.1	Silurus_glanis	IY
AWU46291.1	Chaca_bankanensis	IY
AWU46297.1	Pangasius_sp.	IY
AKU74651.1	Amazonsprattus_scintilla	IY
AKU74652.1	Amazonsprattus_sp._NRL-2015	IY
AKU74657.1	Anchovia_surinamensis	IY
AKU74691.1	Anchovia_surinamensis	IY
AKU74658.1	Anchoviella_manamensis	IY
AKU74690.1	Anchoviella_manamensis	IY
ABP88812.1	Pachystomias_microdon	IY
ABP88811.1	Aristostomias_tittmanni	IY
AGS17240.1	Aristostomias_tittmanni	IY
ACB45445.1	Aristostomias_scintillans	IY
AGT59688.1	Aristostomias_scintillans	IY
ACR46500.1	Yaoshanicus_arcus	IY
AFK84156.1	Esox_americanus	IY
AYW12037.1	Hiodon_alosoides	IY
AYW12000.1	Serrivomer_sector	IY
ABS89278.1	Neoceratodus_forsteri	IY
AFK84154.1	Osmerus_eperlanus	IY
AFK84157.1	Umbra_limi	IY
AGS48103.1	Abramis_brama	IY
AHA33545.1	Astronesthes_chrysophekadion	IY
AHA33556.1	Percopsis_omiscomaycus	IY
AHA62024.1	Zoarces_viviparus	IY
BAP75618.1	Leocottus_kesslerii	IY
BAP75619.1	Leocottus_kesslerii	IY
BAP75620.1	Paracottus_knerii	IY
BAP75621.1	Paracottus_knerii	IY
BAP75622.1	Paracottus_knerii	IY
BAP75610.1	Procottus_gotoi	IY
BAP75611.1	Procottus_gotoi	IY
BAP75612.1	Procottus_gurwicii	IY
BAP75613.1	Procottus_gurwicii	IY
ACR10625.1	Pomatoschistus_minutus	IY
ADE75527.1	Ninnigobius_canestrinii	IY
ADE75530.1	Pomatoschistus_microps	IY
ADE75532.1	Pomatoschistus_microps	IY
ADE75533.1	Pomatoschistus_microps	IY
ADE75534.1	Pomatoschistus_microps	IY
ADE75535.1	Pomatoschistus_microps	IY
ADE75531.1	Pomatoschistus_microps	IY
AWT62479.1	Xenomystus_nigri	LY
AFK84128.1	Atractosteus_tropicus	LY
AFK84127.1	Lepisosteus_oculatus	LY
APD29496.1	Lepisosteus_oculatus	LY
AFR58570.1	Malapterurus_microstoma	LY
AWU46296.1	Malapterurus_electricus	LY
AEW67059.1	Ceratoscopelus_warmingii	GF
AEW67048.1	Sigmops_bathyphilus	GF
AEW67052.1	Photostomias_guernei	GF
AGT59691.1	Photostomias_goodyeari	GF
AEW67060.1	Bolinichthys_indicus	GF
AEW67061.1	Lampanyctus_alatus	GF
AEW67073.1	Diaphus_rafinesquii	GF
ACB45448.1	Stenobrachius_leucopsarus	GF
AEW44019.1	Diaphus_metopoclampus	GF
AFK84161.1	Diaphus_watasei	GF
AHA33551.1	Lestrolepis_japonica	GF
AHA33547.1	Saurida_elongata	GF
AFK84164.1	Melamphaes_suborbitalis	GF
AFK84160.1	Benthosema_pterotum	GY
AYW12005.1	Coloconger_raniceps	LF
AKU74685.1	Encrasicholina_devisi	LF
AKU74673.1	Engraulis_ringens	LF
AGS17241.1	Eustomias_filifer	LF
AGT59709.1	Eustomias_schiffi	LF
AKU74683.1	Engraulis_mordax	LF
AYW12004.1	Coloconger_scholesi	LF
AFK84153.1	Argentina_sialis	LF
ACI00509.1	Elassoma_zonatum	LF
AHA62044.1	Elassoma_evergladei	LF
APQ47608.1	Apletodon_dentatus	LF
AYW11961.1	Congriscus_megastomus	MF
AYW11962.1	Congriscus_maldivensis	MF
AYW11960.1	Coloconger_raniceps	MF
AKU74672.1	Anchoa_filifera	MF
ACI00539.1	Nerophis_lumbriciformis	MF
AYW11974.1	Nessorhamphus_danae	CF
AFK84135.1	Engraulis_encrasicolus	CF
AKU74682.1	Engraulis_eurystole	CF
BAM72016.1	Engraulis_japonicus	CF
AKU74681.1	Engraulis_encrasicolus	CF
AKU74703.1	Engraulis_encrasicolus	CF
AWU46287.1	Ageneiosus_ucayalensis	VY
AFK84151.1	Ariopsis_felis	VY
AFK84148.1	Diplomystes_nahuelbutaensis	VY
AFK84158.1	Galaxias_maculatus	VY
AFR58563.1	Clarias_gariepinus	VY
AAT72123.1	Pseudopleuronectes_americanu	VY
AEW44017.1	Bonapartia_pedaliota	TF
AEW67050.1	Chauliodus_danae	TF
AFN01701.1	Chelidonichthys_kumu	TF
AUM62141.1	Oxyjulis_californica	TF
AUM62162.1	Halichoeres_semicinctus	TF
AUM62158.1	Halichoeres_pictus	TF
AUM62143.1	Halichoeres_bathyphilus	TF
AUM62157.1	Halichoeres_maculipinna	TF
AUM62159.1	Halichoeres_poeyi	TF
AUM62164.1	Halichoeres_rubrovirens	TF
AUM62156.1	Halichoeres_notospilus	TF
AUM62148.1	Halichoeres_cyanocephalus	TF
AUM62149.1	Halichoeres_cyanocephalus	TF
AUM62145.1	Halichoeres_brasiliensis	TF
AUM62142.1	Halichoeres_adustus	TF
AUM62155.1	Halichoeres_nicholsi	TF
AUM62144.1	Halichoeres_bivittatus	TF
AUM62147.1	Halichoeres_chierchiae	TF
AUM62151.1	Halichoeres_dispilus	TF
AUM62152.1	Halichoeres_garnoti	TF
AUM62160.1	Halichoeres_radiatus	TF
AUM62153.1	Halichoeres_maculipinna	TF
AUM62154.1	Halichoeres_melanotis	TF
AFN01703.1	Pagrus_auratus	TF
AFN01678.1	Parapercis_colias	TF
AFN01679.1	Parapercis_colias	TF
AFN01680.1	Parapercis_colias	TF
AFN01681.1	Latridopsis_ciliaris	TF
AUM62146.1	Halichoeres_burekae	TF
ADK92845.1	Stomatepia_pindu	TF
BAC02619.1	Neolamprologus_leleupi	TF
BAJ60855.1	Neolamprologus_variostigma	TF
BAJ60920.1	Neolamprologus_bifasciatus	TF
BAJ60850.1	Neolamprologus_buescheri	TF
AEW67065.1	Phycis_blennoides	TF
AFK84162.1	Merluccius_merluccius	TF
AHA33552.1	Neoscopelus_microchir	TF
AHA33554.1	Lampris_guttatus	TF
AHA33549.1	Hime_japonica	TF
AHA33571.1	Triacanthodes_anomalus	TF
ACI00508.1	Echiodon_cryomargarites	TF
BAP75615.1	Procottus_major	TF
BAP75616.1	Procottus_major	TF
BAP75617.1	Procottus_major	TF
AUM62163.1	Halichoeres_socialis	TF
AUM62150.1	Halichoeres_discolor	TF
AUM62161.1	Halichoeres_salmofasciatus	TF
ACR10610.1	Pomatoschistus_minutus	TF
ADE75523.1	Pomatoschistus_cf._minutus_A	TF
ACR10611.1	Pomatoschistus_minutus	TF
ACR10627.1	Pomatoschistus_minutus	TF
ADE75522.1	Pomatoschistus_cf._minutus_A	TF
ADE75524.1	Pomatoschistus_cf._minutus_A	TF
ADE75525.1	Pomatoschistus_cf._minutus_A	TF
ADE75526.1	Pomatoschistus_cf._minutus_A	TF
ACI00570.1	Xeneretmus_latifrons	TF
ACI00528.1	Lycodapus_antarcticus	TF
ACI00520.1	Lagocephalus_lagocephalus	TF
AGS78651.1	Eopsetta_jordani	TF
AGW83688.1	Lophiodes_mutilus	TF
AGW83689.1	Lophiodes_mutilus	TF
AGW83690.1	Lophiodes_mutilus	TF
AGW83691.1	Lophiodes_iwamotoi	TF
AGW83692.1	Lophiodes_iwamotoi	TF
AGW83693.1	Lophiodes_iwamotoi	TF
AGW83694.1	Lophiodes_iwamotoi	TF
ACI00536.1	Naso_lituratus	TF
ACI00549.1	Priacanthus_arenatus	TF
AGS78653.1	Limanda_limanda	TF
BAW35582.1	Microstomus_achne	TF
ACI00572.1	Xyrichtys_novacula	TF
ACI00497.1	Callanthias_ruber	TF
AFJ44209.1	Acanthopagrus_schlegelii	TF
AFJ44210.1	Pagrus_major	TF
ACI00489.1	Antigonia_capros	TF
ACI00501.1	Champsodon_snyderi	TF
ARO36832.1	Scolopsis_affinis	TF
ARO36833.1	Scolopsis_affinis	TF
ARO36859.1	Scolopsis_xenochroa	TF
ARO36860.1	Scolopsis_xenochroa	TF
ARO36855.1	Scolopsis_vosmeri	TF
ARO36847.1	Scolopsis_taeniata	TF
ARO36848.1	Scolopsis_taenioptera	TF
ARO36849.1	Scolopsis_taenioptera	TF
ARO36851.1	Scolopsis_taenioptera	TF
ARO36837.1	Scolopsis_bimaculata	TF
ARO36844.1	Scolopsis_monogramma	TF
ARO36845.1	Scolopsis_monogramma	TF
ARO36846.1	Scolopsis_monogramma	TF
AHA33560.1	Dactyloptena_orientalis	TF
AHA33570.1	Balistes_capriscus	TF
ARO36830.1	Scaevius_milii	TF
AHA33568.1	Antennarius_striatus	TF
ARO36835.1	Scolopsis_bilineata	TF
ARO36836.1	Scolopsis_bilineata	TF
ARO36818.1	Pentapodus_aureofasciatus	TF
ARO36821.1	Pentapodus_caninus	TF
ARO36826.1	Pentapodus_setosus	TF
ARO36823.1	Pentapodus_emeryii	TF
ARO36827.1	Pentapodus_setosus	TF
AHA33565.1	Antigonia_capros	TF
APQ47601.1	Ditrema_temminckii	TF
ARO36831.1	Scolopsis_affinis	TF
ARO36755.1	Gymnocranius_elogatus	TF
ARO36834.1	Scolopsis_aurata	TF
ARO36853.1	Scolopsis_torquata	TF
ARO36857.1	Scolopsis_vosmeri	TF
ARO36854.1	Scolopsis_torquata	TF
ARO36858.1	Scolopsis_vosmeri	TF
ARO36856.1	Scolopsis_vosmeri	TF
ARO36850.1	Scolopsis_taenioptera	TF
ARO36852.1	Scolopsis_taenioptera	TF
ARO36825.1	Pentapodus_nagasakiensis	TF
ARO36824.1	Pentapodus_emeryii	TF
ARO36819.1	Pentapodus_aureofasciatus	TF
ARO36822.1	Pentapodus_caninus	TF
ARO36814.1	Parascolopsis_inermis	TF
ARO36808.1	Parascolopsis_aspinosa	TF
ARO36815.1	Parascolopsis_melanophrys	TF
ARO36813.1	Parascolopsis_eriomma	TF
ARO36809.1	Parascolopsis_cf._eriomma_WJ	TF
ARO36811.1	Parascolopsis_eriomma	TF
ARO36812.1	Parascolopsis_eriomma	TF
AHA33566.1	Prionurus_scalprum	TF
ARO36810.1	Parascolopsis_cf._inermis_WJ	TF
ARO36816.1	Parascolopsis_sp._WJC-2017	TF
ARO36817.1	Parascolopsis_tosensis	TF
AEW67057.1	Argyropelecus_aculeatus	FF
AEW67058.1	Argyropelecus_gigas	FF
AEW44016.1	Polyipnus_asteroides	FF
AFK84155.1	Polyipnus_stereope	FF
APD29499.1	Saccopharynx_ampullaceus	FF
AHA33558.1	Holocentrus_rufus	FF
AEW67049.1	Chauliodus_sloani	VF
AGT59694.1	Astronesthes_gemmifer	VF
AGT59704.1	Grammatostomias_circularis	VF
AGT59708.1	Grammatostomias_flagellibarb	VF
ACB45447.1	Chauliodus_macouni	VF
AGT59717.1	Chauliodus_macouni	VF
AEW44014.1	Bathophilus_pawneei	VF
AGT59718.1	Idiacanthus_antrostomus	VF
AGT59707.1	Borostomias_antarcticus	VF
AGT59689.1	Tactostoma_macropus	VF
AGT59712.1	Leptostomias_gladiator	VF
AGT59711.1	Trigonolampa_miriceps	VF
AGT59710.1	Photonectes_braueri	VF
AFN01685.1	Macruronus_novaezelandiae	VF
AFN01686.1	Macruronus_novaezelandiae	VF
AFN01699.1	Pseudophycis_bachus	VF
AFN01700.1	Pseudophycis_bachus	VF
BAD88498.1	Hemibates_stenosoma	VF
ASM80992.1	Crenicara_punctulatum	VF
ASM80988.1	Apistogramma_cacatuoides	VF
ASM81009.1	Mazarunia_pala	VF
ASM81008.1	Mazarunia_charadrica	VF
ASM81004.1	Guianacara_dacrya	VF
ASM81005.1	Guianacara_stergiosi	VF
AGS78641.1	Arnoglossus_laterna	VF
ACI00494.1	Argyrosomus_regius	VF
ACI00556.1	Sciaenidae_sp._BL-2008	VF
ACI00566.1	Trematomus_bernacchii	VF
AGS78640.1	Mancopsetta_maculata	VF
APQ47609.1	Protogobiesox_asymmetricus	VF
ACI00535.1	Myripristis_sp._BL-2008	VF
AGS78633.1	Makaira_sp._WJC13	VF
AGC70781.1	Crenicara_punctulatum	VF
AGC70769.1	Guianacara_stergiosi	VF
AGC70768.1	Guianacara_owroewefi	VF
AGC70766.1	Mazarunia_sp._1_SPR-2013	VF
AGC70767.1	Mazarunia_sp._2_SPR-2013	VF
AQQ74170.1	Lipogramma_evides	VF
ACI00525.1	Lopholatilus_chamaeleonticep	VF
ACI00555.1	Schedophilus_medusophagus	VF
ALS40311.1	Amphiprion_clarkii	VF
ALS40313.1	Amphiprion_clarkii	VF
ALS40317.1	Amphiprion_clarkii	VF
ALS40336.1	Amphiprion_clarkii	VF
ALS40339.1	Amphiprion_clarkii	VF
ALS40342.1	Amphiprion_clarkii	VF
ALS40359.1	Amphiprion_clarkii	VF
ALS40291.1	Amphiprion_clarkii	VF
ALS40292.1	Amphiprion_clarkii	VF
ALS40293.1	Amphiprion_clarkii	VF
ALS40294.1	Amphiprion_clarkii	VF
ALS40297.1	Amphiprion_clarkii	VF
ALS40298.1	Amphiprion_clarkii	VF
ALS40299.1	Amphiprion_clarkii	VF
ALS40300.1	Amphiprion_clarkii	VF
ALS40301.1	Amphiprion_clarkii	VF
ALS40304.1	Amphiprion_clarkii	VF
ALS40306.1	Amphiprion_clarkii	VF
ALS40308.1	Amphiprion_clarkii	VF
ALS40309.1	Amphiprion_clarkii	VF
ALS40310.1	Amphiprion_clarkii	VF
ALS40314.1	Amphiprion_clarkii	VF
ALS40318.1	Amphiprion_clarkii	VF
ALS40319.1	Amphiprion_clarkii	VF
ALS40323.1	Amphiprion_clarkii	VF
ALS40324.1	Amphiprion_clarkii	VF
ALS40328.1	Amphiprion_clarkii	VF
ALS40337.1	Amphiprion_clarkii	VF
ALS40338.1	Amphiprion_clarkii	VF
ALS40341.1	Amphiprion_clarkii	VF
ALS40343.1	Amphiprion_clarkii	VF
ALS40344.1	Amphiprion_clarkii	VF
ALS40345.1	Amphiprion_clarkii	VF
ALS40346.1	Amphiprion_clarkii	VF
ALS40347.1	Amphiprion_clarkii	VF
ALS40348.1	Amphiprion_clarkii	VF
ALS40349.1	Amphiprion_clarkii	VF
ALS40350.1	Amphiprion_clarkii	VF
ALS40351.1	Amphiprion_clarkii	VF
ALS40352.1	Amphiprion_clarkii	VF
ALS40353.1	Amphiprion_clarkii	VF
ALS40354.1	Amphiprion_clarkii	VF
ALS40355.1	Amphiprion_clarkii	VF
ALS40356.1	Amphiprion_clarkii	VF
ALS40357.1	Amphiprion_clarkii	VF
ALS40361.1	Amphiprion_clarkii	VF
ALS40363.1	Amphiprion_clarkii	VF
ALS40364.1	Amphiprion_clarkii	VF
ALS40365.1	Amphiprion_clarkii	VF
ALS40366.1	Amphiprion_clarkii	VF
ALS40367.1	Amphiprion_clarkii	VF
ALS40368.1	Amphiprion_clarkii	VF
ALS40296.1	Amphiprion_clarkii	VF
AGS78642.1	Chascanopsetta_lugubris	VF
AQQ74165.1	Lipogramma_sp._1_LT-2017	VF
AQQ74167.1	Lipogramma_evides	VF
AQQ74169.1	Lipogramma_sp._1_LT-2017	VF
AQQ74168.1	Lipogramma_levinsoni	VF
AEO00746.1	Parma_oligolepis	VF
AEO00744.1	Dascyllus_trimaculatus	VF
ACI00505.1	Dascyllus_trimaculatus	VF
ANJ21407.1	Dascyllus_reticulatus	VF
ACI00568.1	Tripterygion_delaisi	VF
AEO00747.1	Plectroglyphidodon_dickii	VF
AEO00749.1	Stegastes_gascoynei	VF
AEO00741.1	Amphiprion_akindynos	VF
AQQ74157.1	Lipogramma_anabantoides	VF
AQQ74158.1	Lipogramma_anabantoides	VF
AQQ74161.1	Lipogramma_levinsoni	VF
AQQ74163.1	Lipogramma_levinsoni	VF
AGS78634.1	Lactarius_lactarius	VF
AHA62029.1	Kuhlia_mugil	VF
ARO36797.1	Nemipterus_tambuloides	VF
ARO36798.1	Nemipterus_tambuloides	VF
ARO36799.1	Nemipterus_tambuloides	VF
AEW44023.1	Bathytroctes_microlepis	HF
AYW11990.1	Synaphobranchus_affinis	FY
ADG65604.1	Pomatoschistus_minutus	AF
ADG65606.1	Pomatoschistus_minutus	AF
ADG65601.1	Pomatoschistus_minutus	AF
ADG65600.1	Pomatoschistus_minutus	AF
ADG65603.1	Pomatoschistus_minutus	AF
ADG65610.1	Pomatoschistus_minutus	AF
ADG65591.1	Pomatoschistus_minutus	AF
ADG65592.1	Pomatoschistus_minutus	AF
ADG65589.1	Pomatoschistus_minutus	AF
ADG65584.1	Pomatoschistus_minutus	AF
ADG65587.1	Pomatoschistus_minutus	AF
ADG65588.1	Pomatoschistus_minutus	AF
ADG65554.1	Pomatoschistus_minutus	AF
ADG65555.1	Pomatoschistus_minutus	AF
ADG65556.1	Pomatoschistus_minutus	AF
ADG65557.1	Pomatoschistus_minutus	AF
ADG65558.1	Pomatoschistus_minutus	AF
ADG65565.1	Pomatoschistus_minutus	AF
AEW44021.1	Coryphaenoides_profundicolus	AF
ACR10595.1	Pomatoschistus_minutus	AF
ACR10597.1	Pomatoschistus_minutus	AF
ACR10618.1	Pomatoschistus_minutus	AF
ACR10594.1	Pomatoschistus_minutus	AF
ACR10598.1	Pomatoschistus_minutus	AF
ACR10603.1	Pomatoschistus_minutus	AF
ACR10608.1	Pomatoschistus_minutus	AF
ACR10609.1	Pomatoschistus_minutus	AF
ACR10613.1	Pomatoschistus_minutus	AF
ACR10621.1	Pomatoschistus_minutus	AF
ACR10622.1	Pomatoschistus_minutus	AF
ACR10600.1	Pomatoschistus_minutus	AF
ACR10591.1	Pomatoschistus_minutus	AF
ACR10620.1	Pomatoschistus_minutus	AF
ACR10626.1	Pomatoschistus_minutus	AF
ACR10628.1	Pomatoschistus_minutus	AF
ADE75521.1	Pomatoschistus_cf._minutus_A	AF
ACI00484.1	Agonopsis_chiloensis	AF
BAS30520.1	Careproctus_rhodomelas	AF
ADG65593.1	Pomatoschistus_minutus	AY
ADG65590.1	Pomatoschistus_minutus	AY
ADG65585.1	Pomatoschistus_minutus	AY
ACR10596.1	Pomatoschistus_minutus	AY
ACR10607.1	Pomatoschistus_minutus	AY
ACR10593.1	Pomatoschistus_minutus	AY
AHA33548.1	Harpadon_microchir	SF
